1001,SC,5,Y,OC,PSB,0,0,1,0,0,0,0,0,0,0,1,0,3,0,OT,M,18,0,AD,PAC
1002,SC,5,MM,PSE,SB,1,1,1,0,0,1,0,1,0,0,0,3,4,0,HS,M,18,5,BA,SA
1003,MM,5,N,NA,NA,0,0,0,0,0,0,0,0,0,0,0,5,5,5,LF,M,18,4,GD,SA
1004,MM,5,N,NA,NA,0,0,0,0,0,0,0,0,0,0,0,5,5,5,LS,M,18,1,BA,MA
1005,MM,5,N,NA,NA,0,0,0,0,0,0,0,0,0,0,0,5,5,5,OF,M,18,3,GD,SA
1006,SC,5,N,NA,NA,0,0,0,0,0,0,0,0,0,0,0,5,5,5,AD,M,18,0,HS,ENC
1007,SC,1,D,NA,NA,0,0,0,0,0,0,0,0,0,0,0,5,5,5,NO,O,0,5,OT,P
1008,MM,25,N,NA,NA,0,0,0,0,0,0,0,0,0,0,0,5,5,5,HC,O,0,5,OT,P
1009,MM,25,N,NA,NA,0,0,0,0,0,0,0,0,0,0,0,5,5,5,OT,M,45,5,GD,MT
1010,MM,25,N,NA,NA,0,0,0,0,0,0,0,0,0,0,0,5,5,5,OT,F,61,1,HS,WNC
1011,SC,10,N,NA,NA,0,0,0,0,0,0,0,0,0,0,0,5,5,5,BC,M,18,1,BA,ENC
1012,MM,20,N,NA,NA,0,0,0,0,0,0,0,0,0,0,0,5,5,5,PS,M,30,2,BA,SA
1013,MM,10,M,OC,SB,1,0,0,0,0,0,0,0,0,0,0,2,2,1,AD,M,30,3,BA,WNC
1014,MM,10,N,NA,NA,0,0,0,0,0,0,0,0,0,0,0,5,5,5,BS,M,30,3,GD,PAC
1015,MM,25,N,NA,NA,0,0,0,0,0,0,0,0,0,0,0,5,5,5,HC,M,30,3,AD,NE
1016,MM,20,W,SB,PSB,0,0,0,0,1,0,0,0,0,0,1,4,4,3,HC,M,30,2,GD,MT
1017,MM,10,Y,OC,PSB,0,0,1,0,0,0,0,0,1,0,0,2,1,0,OT,M,30,2,AD,MT
1018,DP,5,W,O,O,1,0,1,1,0,0,0,0,0,0,1,2,3,1,OT,M,30,3,GD,SA
1019,DP,5,N,NA,NA,0,0,0,0,0,0,0,0,0,0,0,5,5,5,IS,M,30,5,BA,MT
1020,MM,15,N,NA,NA,0,0,0,0,0,0,0,0,0,0,0,5,5,5,LF,M,30,2,AD,SA
1021,MM,10,N,NA,NA,0,0,0,0,0,0,0,0,0,0,0,5,5,5,ED,M,18,2,BA,SA
1022,MM,15,N,NA,NA,0,0,0,0,0,0,0,0,0,0,0,5,5,5,CO,M,30,1,HS,ESC
1023,MM,5,N,NA,NA,0,0,0,0,0,0,0,0,0,0,0,5,5,5,CO,M,30,2,BA,MT
1024,MM,20,N,NA,NA,0,0,0,0,0,0,0,0,0,0,0,5,5,5,OF,M,30,2,AD,PAC
1025,SC,5,N,NA,NA,0,0,0,0,0,0,0,0,0,0,0,5,5,5,OT,M,18,5,OT,MT
1026,MM,15,N,NA,NA,0,0,0,0,0,0,0,0,0,0,0,5,5,5,OT,M,30,2,BA,ENC
1027,DP,15,N,NA,NA,0,0,0,0,0,0,0,0,0,0,0,5,5,5,SA,M,30,3,GD,SA
1028,SC,5,N,NA,NA,0,0,0,0,0,0,0,0,0,0,0,5,5,5,ED,M,18,2,BA,PAC
1029,MM,10,N,NA,NA,0,0,0,0,0,0,0,0,0,0,0,5,5,5,CM,M,30,2,AD,MA
1030,MM,5,N,NA,NA,0,0,0,0,0,0,0,0,0,0,0,5,5,5,BS,M,30,2,BA,MT
1031,MM,5,W,PSE,OC,0,0,0,0,0,0,0,0,1,0,0,2,2,0,ED,M,30,2,GD,MT
1032,MM,15,MM,SB,SB,0,0,0,0,0,0,0,0,1,1,0,2,2,2,CM,M,30,3,BA,MT
1033,SC,5,N,NA,NA,0,0,0,0,0,0,0,0,0,0,0,5,5,5,LF,M,18,3,GD,PAC
1034,MM,15,N,NA,NA,0,0,0,0,0,0,0,0,0,0,0,5,5,5,CO,M,30,5,BA,NE
1035,MM,20,Y,OC,PSB,1,0,0,0,0,1,0,0,0,0,0,0,0,0,ED,M,30,5,BA,MT
1036,SC,10,M,PSE,OC,1,0,1,0,0,0,0,0,0,0,0,2,3,1,OT,M,30,2,BA,ENC
1037,MM,20,W,OC,PSB,0,0,0,0,0,0,0,0,1,0,1,2,1,1,SA,M,30,3,BA,ENC
1038,MM,15,W,PSE,OC,0,0,0,0,0,0,0,0,0,1,0,2,1,0,TR,M,30,5,BA,SA
1039,MM,10,M,OC,PSB,0,0,0,0,0,0,0,0,0,0,1,1,1,2,CM,M,30,3,AD,NE
1040,MM,15,N,NA,NA,0,0,0,0,0,0,0,0,0,0,0,5,5,5,BC,M,30,1,HS,MA
1041,MM,15,M,PSE,SB,0,0,1,0,0,0,0,0,0,0,0,1,1,0,ED,M,30,2,GD,ENC
1042,MM,15,N,NA,NA,0,0,0,0,0,0,0,0,0,0,0,5,5,5,CM,M,30,2,GD,ENC
1043,SC,5,Y,OC,PSB,0,0,0,0,0,1,0,0,0,1,0,2,1,0,BS,M,18,2,BA,NE
1044,MM,15,M,O,PSB,0,0,0,0,0,0,0,0,1,0,0,0,0,0,CM,M,30,4,GD,PAC
1045,MM,25,N,NA,NA,0,0,0,0,0,0,0,0,0,0,0,5,5,5,AD,M,30,5,BA,MA
1046,SC,10,Y,SB,SB,0,0,0,0,0,1,0,0,0,0,0,3,4,0,SA,M,18,1,AD,MT
1047,MM,25,Y,OC,PSB,1,0,0,0,0,0,0,0,0,0,0,1,2,2,ED,M,30,5,GD,WNC
1048,MM,10,N,NA,NA,0,0,0,0,0,0,0,0,0,0,0,5,5,5,SA,O,0,5,OT,P
1049,MM,10,N,NA,NA,0,0,0,0,0,0,0,0,0,0,0,5,5,5,SA,M,30,5,BA,PAC
1050,MM,15,Y,SB,SB,1,0,0,0,0,0,0,0,0,1,0,2,4,1,TR,M,30,1,AD,WNC
1051,MM,10,N,NA,NA,0,0,0,0,0,0,0,0,0,0,0,5,5,5,ED,M,18,2,BA,NE
1052,DP,15,W,OC,PSB,0,0,0,0,0,1,0,0,0,1,1,4,3,3,OT,M,30,1,AD,PAC
1053,SC,1,N,NA,NA,0,0,0,0,0,0,0,0,0,0,0,5,5,5,AE,M,18,1,BA,ENC
1054,SC,5,M,OC,PSB,0,0,0,0,0,0,1,0,0,0,0,2,1,1,CO,M,18,5,HS,WSC
1055,SC,5,N,NA,NA,0,0,0,0,0,0,0,0,0,0,0,5,5,5,FO,M,30,2,AD,SA
1056,MM,20,M,OC,PSB,1,0,0,0,1,1,0,0,0,1,0,4,2,1,OT,M,30,4,AD,PAC
1057,SC,5,N,NA,NA,0,0,0,0,0,0,0,0,0,0,0,5,5,5,LS,M,18,5,BA,MA
1058,MM,5,N,NA,NA,0,0,0,0,0,0,0,0,0,0,0,5,5,5,BS,M,30,3,GD,MT
1059,MM,10,N,NA,NA,0,0,0,0,0,0,0,0,0,0,0,5,5,5,CM,M,30,1,BA,MA
1060,WD,5,N,NA,NA,0,0,0,0,0,0,0,0,0,0,0,5,5,5,FF,O,0,5,OT,P
1061,MM,25,N,NA,NA,0,0,0,0,0,0,0,0,0,0,0,5,5,5,HS,M,30,3,BA,MT
1062,MM,10,M,OC,PSB,0,0,0,0,0,0,0,0,1,0,0,0,0,0,AD,M,30,5,AD,MT
1063,SC,1,D,DB,DB,1,0,0,0,0,0,1,0,0,0,0,2,3,2,AD,M,18,5,HS,ENC
1064,MM,10,Y,PSE,OC,0,0,0,0,0,0,0,0,0,1,0,0,0,0,HC,M,30,4,GD,PAC
1065,MM,10,N,NA,NA,0,0,0,0,0,0,0,0,0,0,0,5,5,5,AE,M,18,2,BA,ESC
1066,MM,10,Y,OC,PSB,0,0,0,0,0,0,0,0,0,1,0,2,2,2,CM,M,30,3,BA,PAC
1067,SC,5,N,NA,NA,0,0,0,0,0,0,0,0,0,0,0,5,5,5,SA,M,18,1,AD,WSC
1068,MM,15,Y,PSE,OC,1,0,0,0,0,0,0,0,0,0,0,0,0,0,ED,M,30,2,AD,ENC
1069,MM,20,N,NA,NA,0,0,0,0,0,0,0,0,0,0,0,5,5,5,SA,M,30,3,BA,MA
1070,MM,15,D,NA,NA,0,0,0,0,0,0,0,0,0,0,0,5,5,5,NO,O,0,5,OT,P
1071,MM,10,MM,OC,PSB,0,0,0,0,0,1,0,0,0,0,0,2,2,2,LS,M,18,2,GD,MT
1072,MM,20,Y,OC,PSB,0,0,1,0,0,0,0,0,0,0,0,2,1,0,AE,M,30,3,BA,WNC
1073,MM,10,N,NA,NA,0,0,0,0,0,0,0,0,0,0,0,5,5,5,CM,M,30,5,BA,PAC
1074,MM,5,N,NA,NA,0,0,0,0,0,0,0,0,0,0,0,5,5,5,OT,M,30,1,AD,WNC
1075,MM,25,D,SB,SB,1,0,0,0,0,0,0,0,0,0,0,3,4,2,SA,M,45,5,GD,ENC
1076,MM,25,N,NA,NA,0,0,0,0,0,0,0,0,0,0,0,5,5,5,MA,M,45,5,HS,WSC
1077,MM,20,N,NA,NA,0,0,0,0,0,0,0,0,0,0,0,5,5,5,BS,M,45,3,AD,PAC
1078,MM,20,M,PSE,SB,0,0,1,0,0,1,0,0,0,1,0,2,3,0,HC,M,45,2,GD,NE
1079,SC,1,N,NA,NA,0,0,0,0,0,0,0,0,0,0,0,5,5,5,OT,M,30,5,BA,PAC
1080,MM,15,N,NA,NA,0,0,0,0,0,0,0,0,0,0,0,5,5,5,OT,M,30,3,BA,SA
1081,MM,5,D,OC,PSB,0,0,0,0,0,1,0,0,0,0,1,0,0,2,BS,M,18,4,GD,MA
1082,MM,20,N,NA,NA,0,0,0,0,0,0,0,0,0,0,0,5,5,5,OT,M,30,1,HS,PAC
1083,MM,15,MM,OC,PSB,1,1,0,1,0,0,0,1,0,0,0,2,2,1,BC,M,45,1,AD,WNC
1084,MM,15,Y,OC,PSB,1,0,0,0,0,0,0,0,1,0,0,1,1,0,BS,M,30,3,BA,WNC
1085,MM,15,N,NA,NA,0,0,0,0,0,0,0,0,0,0,0,5,5,5,PR,O,0,5,OT,P
1086,MM,15,N,NA,NA,0,0,0,0,0,0,0,0,0,0,0,5,5,5,PR,O,0,5,OT,P
1087,MM,10,MM,OC,PSB,0,0,0,0,0,0,0,0,0,1,0,1,2,1,BS,M,30,2,AD,WNC
1088,MM,25,N,NA,NA,0,0,0,0,0,0,0,0,0,0,0,5,5,5,LS,M,45,3,BA,NE
1089,MM,15,N,NA,NA,0,0,0,0,0,0,0,0,0,0,0,5,5,5,OT,O,0,5,OT,P
1090,MM,5,Y,DB,DB,0,0,1,0,0,1,0,0,1,1,0,1,1,0,CM,M,18,4,BA,ENC
1091,MM,25,N,NA,NA,0,0,0,0,0,0,0,0,0,0,0,5,5,5,MA,O,0,5,OT,P
1092,MM,25,N,NA,NA,0,0,0,0,0,0,0,0,0,0,0,5,5,5,ED,M,45,2,BA,SA
1093,SC,0,NA,NO,NO,0,0,0,0,0,0,0,0,0,0,0,5,5,5,NO,O,0,5,OT,P
1094,MM,25,N,NA,NA,0,0,0,0,0,0,0,0,0,0,0,5,5,5,CM,M,45,4,BA,SA
1095,MM,25,Y,NO,NO,0,0,0,0,0,0,0,0,0,0,0,5,5,5,NO,O,0,5,OT,P
1096,MM,25,MM,OC,PSB,0,0,0,0,0,0,0,0,0,1,0,2,2,1,SA,M,45,3,BA,WNC
1097,MM,5,M,PSE,SB,0,0,1,0,0,0,0,0,0,0,0,2,3,3,LF,M,18,4,GD,WSC
1098,MM,25,N,NA,NA,0,0,0,0,0,0,0,0,0,0,0,5,5,5,LS,M,45,2,BA,ENC
1099,DP,5,D,O,O,0,0,0,0,0,0,0,0,0,0,1,2,1,1,MA,F,18,5,BA,SA
1100,MM,5,N,NA,NA,0,0,0,0,0,0,0,0,0,0,0,5,5,5,PR,M,45,4,AD,SA
1101,MM,25,N,NA,NA,0,0,0,0,0,0,0,0,0,0,0,5,5,5,BS,M,45,3,GD,WNC
1102,DP,5,MM,OC,OC,1,0,0,0,0,1,0,0,0,0,0,3,1,0,OF,M,30,0,BA,PAC
1103,MM,25,N,NA,NA,0,0,0,0,0,0,0,0,0,0,0,5,5,5,AE,M,45,4,BA,WNC
1104,MM,25,N,NA,NA,0,0,0,0,0,0,0,0,0,0,0,5,5,5,CM,M,45,4,BA,MT
1105,MM,15,MM,SB,SB,0,0,0,0,0,0,0,0,0,1,0,4,4,4,HC,M,45,1,BA,MA
1106,SC,5,N,NA,NA,0,0,0,0,0,0,0,0,0,0,0,5,5,5,AE,M,18,3,GD,MA
1107,MM,15,N,NA,NA,0,0,0,0,0,0,0,0,0,0,0,5,5,5,OT,M,30,2,AD,SA
1108,SC,10,N,NA,NA,0,0,0,0,0,0,0,0,0,0,0,5,5,5,SA,M,30,2,AD,WNC
1109,MM,25,N,NA,NA,0,0,0,0,0,0,0,0,0,0,0,5,5,5,ED,M,45,3,AD,WNC
1110,SC,10,N,NA,NA,0,0,0,0,0,0,0,0,0,0,0,5,5,5,SA,M,45,2,GD,ENC
1111,MM,15,N,NA,NA,0,0,0,0,0,0,0,0,0,0,0,5,5,5,HS,M,30,4,GD,WNC
1112,MM,25,N,NA,NA,0,0,0,0,0,0,0,0,0,0,0,5,5,5,MA,M,45,5,GD,ENC
1113,MM,5,N,NA,NA,0,0,0,0,0,0,0,0,0,0,0,5,5,5,BS,M,30,4,BA,WSC
1114,SP,5,N,NA,NA,0,0,0,0,0,0,0,0,0,0,0,5,5,5,IS,M,45,2,AD,ENC
1115,SC,5,N,NA,NA,0,0,0,0,0,0,0,0,0,0,0,5,5,5,SA,M,18,2,BA,PAC
1116,MM,20,N,NA,NA,0,0,0,0,0,0,0,0,0,0,0,5,5,5,MA,O,0,5,OT,P
1117,MM,0,NA,NO,NO,0,0,0,0,0,0,0,0,0,0,0,5,5,5,NO,O,0,5,OT,P
1118,MM,25,N,NA,NA,0,0,0,0,0,0,0,0,0,0,0,5,5,5,LS,M,45,4,BA,PAC
1119,MM,5,D,OC,PSB,1,1,0,0,0,0,0,0,0,0,1,4,4,4,OT,M,45,3,AD,MA
1120,DP,15,Y,OC,OC,1,0,0,0,0,0,0,0,0,0,0,1,1,2,OT,M,45,3,HS,SA
1121,MM,5,M,OC,OC,0,0,1,0,0,1,0,0,1,0,0,2,2,2,MA,M,18,2,BA,MT
1122,MM,15,W,SB,PSB,1,0,0,0,0,0,0,0,0,1,0,2,2,2,PR,M,30,2,AD,P
1123,MM,15,M,OC,PSB,0,0,0,1,0,1,0,0,1,0,0,2,1,2,CO,M,30,4,GD,MA
1124,MM,20,N,NA,NA,0,0,0,0,0,0,0,0,0,0,0,5,5,5,MA,M,45,3,GD,ENC
1125,MM,25,N,NA,NA,0,0,0,0,0,0,0,0,0,0,0,5,5,5,BS,O,0,5,OT,P
1126,MM,25,N,NA,NA,0,0,0,0,0,0,0,0,0,0,0,5,5,5,BS,M,45,4,GD,ENC
1127,SC,10,M,SB,SB,1,0,0,0,0,1,0,0,0,0,0,0,3,0,OT,M,18,2,BA,WSC
1128,MM,25,D,OC,PSB,1,0,0,0,0,0,0,0,0,1,0,2,3,3,IS,M,45,3,AD,NE
1129,SC,25,N,NA,NA,0,0,0,0,0,0,0,0,0,0,0,5,5,5,OT,M,45,5,AD,MA
1130,MM,25,D,SB,SB,1,1,0,1,0,0,0,0,0,0,0,3,4,2,AE,M,45,2,AD,MA
1131,MM,25,N,NA,NA,0,0,0,0,0,0,0,0,0,0,0,5,5,5,FF,O,0,5,OT,P
1132,MM,10,N,NA,NA,0,0,0,0,0,0,0,0,0,0,0,5,5,5,ED,M,18,1,AD,PAC
1133,MM,25,N,NA,NA,0,0,0,0,0,0,0,0,0,0,0,5,5,5,MA,M,45,5,BA,WSC
1134,MM,25,D,SB,SB,1,0,0,1,0,0,0,0,0,0,0,1,3,0,CC,M,45,2,BA,MT
1135,MM,25,N,NA,NA,0,0,0,0,0,0,0,0,0,0,0,5,5,5,MA,M,45,3,AD,WSC
1136,MM,10,M,PSE,OC,0,0,1,0,0,1,0,0,1,0,0,1,0,0,OF,M,30,2,AD,ENC
1137,SC,20,N,NA,NA,0,0,0,0,0,0,0,0,0,0,0,5,5,5,PC,M,30,4,AD,SA
1138,MM,20,W,SB,PSB,0,0,0,0,0,1,0,0,1,0,0,2,3,2,OT,M,30,2,BA,ENC
1139,MM,25,N,NA,NA,0,0,0,0,0,0,0,0,0,0,0,5,5,5,AE,M,45,3,GD,NE
1140,MM,5,N,NA,NA,0,0,0,0,0,0,0,0,0,0,0,5,5,5,ED,M,30,2,BA,WSC
1141,MM,15,N,NA,NA,0,0,0,0,0,0,0,0,0,0,0,5,5,5,LF,M,30,3,GD,PAC
1142,MM,25,N,NA,NA,0,0,0,0,0,0,0,0,0,0,0,5,5,5,MA,M,45,4,GD,PAC
1143,MM,25,N,NA,NA,0,0,0,0,0,0,0,0,0,0,0,5,5,5,LF,O,0,5,OT,P
1144,MM,25,N,NA,NA,0,0,0,0,0,0,0,0,0,0,0,5,5,5,LF,M,45,3,BA,MT
1145,SC,10,N,NA,NA,0,0,0,0,0,0,0,0,0,0,0,5,5,5,TR,M,45,2,AD,MA
1146,MM,15,N,NA,NA,0,0,0,0,0,0,0,0,0,0,0,5,5,5,MA,M,18,2,HS,WSC
1147,MM,25,N,NA,NA,0,0,0,0,0,0,0,0,0,0,0,5,5,5,CM,M,45,2,GD,MT
1148,SC,10,N,NA,NA,0,0,0,0,0,0,0,0,0,0,0,5,5,5,OT,M,45,1,BA,SA
1149,MM,25,MM,O,PSB,1,0,1,0,0,0,0,0,0,0,0,2,2,2,IS,M,45,3,AD,WNC
1150,SC,15,M,SB,PSB,1,0,0,0,0,0,0,0,0,0,0,0,0,0,CC,M,45,3,AD,MA
1151,MM,15,MM,OC,PSB,0,0,0,0,0,0,0,0,0,0,1,0,0,0,CO,M,30,2,AD,MT
1152,MM,25,N,NA,NA,0,0,0,0,0,0,0,0,0,0,0,5,5,5,AE,M,45,5,BA,NE
1153,SC,5,D,SB,SF,0,0,0,1,0,0,0,0,0,1,0,1,3,2,OF,M,45,1,BA,MA
1154,MM,25,N,NA,NA,0,0,0,0,0,0,0,0,0,0,0,5,5,5,OT,F,61,4,GD,MA
1155,MM,10,N,NA,NA,0,0,0,0,0,0,0,0,0,0,0,5,5,5,BC,M,30,2,AD,ENC
1156,MM,25,N,NA,NA,0,0,0,0,0,0,0,0,0,0,0,5,5,5,MA,M,45,4,BA,MT
1157,SC,1,N,NA,NA,0,0,0,0,0,0,0,0,0,0,0,5,5,5,AE,M,18,2,HS,PAC
1158,MM,25,N,NA,NA,0,0,0,0,0,0,0,0,0,0,0,5,5,5,LF,M,30,5,GD,WSC
1159,MM,15,Y,PSE,OC,1,0,1,0,0,1,0,0,0,0,0,1,0,0,CM,M,30,5,AD,ENC
1160,MM,25,Y,O,O,0,0,0,0,0,0,0,0,0,0,1,1,1,2,ED,F,61,2,BA,WNC
1161,MM,25,D,SB,PSB,1,0,0,0,0,0,0,0,0,0,0,2,3,0,MA,M,45,4,BA,ENC
1162,MM,15,N,NA,NA,0,0,0,0,0,0,0,0,0,0,0,5,5,5,OF,M,45,2,AD,PAC
1163,SC,25,MM,O,O,0,0,0,0,0,0,0,0,1,0,0,0,0,0,CC,M,30,2,AD,PAC
1164,SC,15,Y,SB,PSB,1,0,1,0,0,1,0,0,0,0,0,2,3,1,ED,M,30,2,GD,MA
1165,MM,25,D,SB,SB,1,1,0,0,1,0,0,0,0,0,0,2,4,2,OT,F,61,3,BA,PAC
1166,MM,25,N,NA,NA,0,0,0,0,0,0,0,0,0,0,0,5,5,5,NO,O,0,5,OT,P
1167,MM,25,D,SB,SB,1,1,0,0,1,0,0,0,0,0,0,2,4,2,OF,F,61,2,AD,WNC
1168,MM,15,N,NA,NA,0,0,0,0,0,0,0,0,0,0,0,5,5,5,IS,M,30,5,AD,ENC
1169,DP,5,N,NA,NA,0,0,0,0,0,0,0,0,0,0,0,5,5,5,HS,F,61,5,AD,SA
1170,MM,15,Y,OC,PSB,0,0,1,0,0,0,0,0,0,0,0,0,0,0,AE,M,45,5,BA,ESC
1171,MM,15,D,OC,PSB,1,0,0,0,1,0,0,0,0,0,0,2,3,2,OT,M,30,3,GD,NE
1172,SC,5,MM,PSE,SB,1,0,0,0,0,0,0,0,0,0,0,2,3,1,CM,M,45,3,BA,NE
1173,SC,5,M,OC,PSB,1,0,1,0,0,1,0,0,1,0,0,3,3,2,LF,M,45,4,GD,MA
1174,DP,10,W,SB,SB,0,1,0,0,0,0,0,1,0,0,1,3,3,1,MA,F,61,3,GD,SA
1175,SC,5,M,OC,PSB,0,0,0,0,0,0,0,0,0,1,0,0,0,0,PR,M,18,2,BA,ENC
1176,MM,15,N,NA,NA,0,0,0,0,0,0,0,0,0,0,0,5,5,5,FO,M,30,2,AD,MA
1177,MM,20,N,NA,NA,0,0,0,0,0,0,0,0,0,0,0,5,5,5,ED,M,30,1,AD,ENC
1178,MM,5,N,NA,NA,0,0,0,0,0,0,0,0,0,0,0,5,5,5,PS,M,45,0,HS,NE
1179,MM,25,MM,NO,NO,0,0,0,0,0,0,0,0,0,0,0,5,5,5,NO,O,0,5,OT,P
1180,MM,25,M,SB,SB,0,0,0,0,0,0,0,0,0,0,1,3,3,1,MA,M,45,4,BA,WNC
1181,MM,25,N,NA,NA,0,0,0,0,0,0,0,0,0,0,0,5,5,5,ED,F,61,1,GD,WNC
1182,MM,10,Y,OC,PSB,0,0,1,0,0,0,0,0,0,0,0,4,3,4,CC,F,61,3,GD,NE
1183,MM,10,D,SB,PSB,1,0,0,0,0,0,0,0,0,0,0,2,4,2,OT,M,45,2,AD,SA
1184,MM,5,Y,OC,PSB,1,1,0,0,0,1,0,0,0,1,0,1,4,0,OT,M,30,2,BA,WNC
1185,MM,25,N,NA,NA,0,0,0,0,0,0,0,0,0,0,0,5,5,5,AE,M,45,3,BA,NE
1186,DV,5,N,NA,NA,0,0,0,0,0,0,0,0,0,0,0,5,5,5,FO,F,61,5,HS,NE
1187,MM,20,N,NA,NA,0,0,0,0,0,0,0,0,0,0,0,5,5,5,CC,M,45,2,BA,ENC
1188,MM,25,N,NA,NA,0,0,0,0,0,0,0,0,0,0,0,5,5,5,ED,F,61,2,BA,MA
1189,SC,10,D,SB,SB,0,0,0,0,0,0,0,0,0,0,1,1,1,0,MA,F,61,5,AD,PAC
1190,MM,25,D,SB,SB,0,0,0,1,0,0,0,0,0,0,0,3,4,2,MA,F,61,2,BA,SA
1191,MM,25,D,SB,SB,1,0,0,1,0,0,0,0,0,0,1,2,4,0,OT,M,45,5,GD,WSC
1192,MM,25,M,SB,OC,1,0,0,0,0,0,0,0,0,0,0,2,2,2,IS,M,45,3,AD,MA
1193,MM,25,D,SB,SB,0,0,0,0,0,0,0,0,0,1,0,2,4,2,OF,M,45,4,GD,SA
1194,MM,10,D,SB,PSB,1,0,0,0,0,0,0,0,1,0,1,2,4,2,LF,M,30,4,GD,MT
1195,MM,15,D,PSE,OC,1,0,0,0,0,0,0,0,0,0,1,3,4,2,OF,M,45,1,BA,MT
1196,DP,15,N,NA,NA,0,0,0,0,0,0,0,0,0,0,0,5,5,5,SA,M,30,4,AD,SA
1197,MM,25,Y,OC,OC,0,0,0,0,0,0,0,0,0,1,0,0,0,0,MA,M,45,4,GD,MA
1198,MM,25,W,PSE,OC,1,0,0,0,0,0,0,0,0,0,1,2,3,1,MA,O,0,5,OT,P
1199,MM,25,M,OC,OC,1,0,1,0,0,0,0,0,1,0,0,2,1,2,ED,M,45,2,BA,ENC
1200,MM,20,N,NA,NA,0,0,0,0,0,0,0,0,0,0,0,5,5,5,BS,M,45,4,GD,WNC
1201,MM,25,N,NA,NA,0,0,0,0,0,0,0,0,0,0,0,5,5,5,HS,M,61,3,BA,PAC
1202,MM,25,N,NA,NA,0,0,0,0,0,0,0,0,0,0,0,5,5,5,OT,F,61,5,BA,ESC
1203,DP,25,W,OC,PSB,1,0,0,0,0,0,0,0,0,0,0,5,5,5,NO,O,0,5,OT,P
1204,MM,25,D,PSE,OC,1,0,0,0,1,0,0,0,0,0,0,0,2,0,MA,M,30,2,HS,NE
1205,MM,15,D,OC,PSB,1,0,0,1,1,0,0,0,1,0,0,4,4,2,OT,M,30,2,AD,MA
1206,MM,20,Y,OC,O,0,0,1,0,1,0,0,0,0,0,0,2,2,2,HC,M,45,3,GD,ENC
1207,MM,25,N,NA,NA,0,0,0,0,0,0,0,0,0,0,0,5,5,5,OT,M,45,2,BA,PAC
1208,MM,20,Y,SB,PSB,0,0,0,0,0,0,0,0,0,0,1,2,3,0,OT,F,61,5,BA,MA
1209,MM,25,Y,SB,PSB,0,0,0,0,0,1,0,0,0,0,0,2,3,2,LF,F,61,3,GD,NE
1210,MM,25,D,SB,SB,1,1,0,0,0,0,0,0,0,1,0,2,4,1,OT,M,61,5,AD,ENC
1211,MM,25,MM,SB,SB,1,0,0,0,0,0,1,0,0,0,0,3,3,2,OT,M,61,5,BA,SA
1212,WD,5,N,NA,NA,0,0,0,0,0,0,0,0,0,0,0,5,5,5,OT,M,61,2,BA,SA
1213,MM,25,D,SB,SB,1,0,0,0,0,0,0,0,0,0,0,2,3,2,OT,M,61,3,AD,NE
1214,MM,25,N,NA,NA,0,0,0,0,0,0,0,0,0,0,0,5,5,5,OT,F,61,3,BA,NE
1215,MM,25,D,SB,SB,1,1,0,0,0,0,0,0,0,0,0,2,4,2,OT,F,61,2,HS,SA
1216,SC,25,MM,OC,PSB,0,0,0,0,0,0,0,0,0,0,1,2,3,1,HC,F,61,2,AD,SA
1217,MM,20,W,PSE,OC,1,1,0,1,0,0,1,1,0,0,0,4,4,0,HS,M,45,2,BA,WNC
1218,MM,25,N,NA,NA,0,0,0,0,0,0,0,0,0,0,0,5,5,5,OT,M,61,3,AD,PAC
1219,MM,25,N,NA,NA,0,0,0,0,0,0,0,0,0,0,0,5,5,5,ED,F,61,5,GD,WSC
1220,MM,25,N,NA,NA,0,0,0,0,0,0,0,0,0,0,0,5,5,5,OT,F,61,1,AD,MA
1221,SC,1,N,NA,NA,0,0,0,0,0,0,0,0,0,0,0,5,5,5,ED,M,18,0,LT,ENC
1222,MM,25,D,PSE,OC,1,0,0,0,0,0,0,0,0,0,1,2,2,2,OT,F,61,5,BA,ENC
1223,MM,15,Y,SB,PSB,1,0,1,0,0,0,0,0,0,0,0,0,0,0,ED,M,30,3,GD,NE
1224,MM,25,MM,OC,PSB,0,0,0,0,1,0,0,0,0,0,1,2,1,1,BS,M,30,5,HS,MT
1225,MM,25,D,SB,SB,1,1,0,0,0,0,0,0,0,0,0,2,4,3,OT,M,61,3,AD,WSC
1226,MM,25,N,NA,NA,0,0,0,0,0,0,0,0,0,0,0,5,5,5,SA,O,0,5,OT,P
1227,SC,15,D,SB,PSB,1,1,1,1,0,0,0,0,0,0,0,3,3,3,ED,M,61,4,GD,MA
1228,MM,25,Y,OC,PSB,0,0,0,0,0,0,0,0,0,0,1,0,0,2,OT,F,61,2,GD,MA
1229,MM,15,N,NA,NA,0,0,0,0,0,0,0,0,0,0,0,5,5,5,CM,M,61,3,BA,MA
1230,MM,25,N,NA,NA,0,0,0,0,0,0,0,0,0,0,0,5,5,5,AD,O,0,5,OT,P
1231,MM,15,D,SB,SB,1,1,0,1,1,0,0,0,0,0,0,2,3,1,OT,M,61,1,BA,SA
1232,MM,25,N,NA,NA,0,0,0,0,0,0,0,0,0,0,0,5,5,5,HC,M,61,3,AD,MA
1233,MM,25,W,OC,PSB,1,0,1,0,0,0,0,0,0,0,0,2,1,0,OT,F,61,4,BA,ENC
1234,MM,25,D,SB,SB,0,0,0,0,0,0,0,0,0,0,1,4,4,4,SA,M,61,1,AD,ENC
1235,MM,20,N,NA,NA,0,0,0,0,0,0,0,0,0,0,0,5,5,5,MA,M,30,5,AD,PAC
1236,MM,25,N,NA,NA,0,0,0,0,0,0,0,0,0,0,0,5,5,5,SA,M,61,5,AD,WNC
1237,MM,25,M,SB,PSB,0,0,1,0,0,0,0,0,0,0,0,2,2,2,OT,M,61,2,BA,ESC
1238,MM,25,N,NA,NA,0,0,0,0,0,0,0,0,0,0,0,5,5,5,AD,M,61,2,GD,ENC
1239,SC,25,N,NA,NA,0,0,0,0,0,0,0,0,0,0,0,5,5,5,OT,M,45,5,BA,ENC
1240,MM,10,N,NA,NA,0,0,0,0,0,0,0,0,0,0,0,5,5,5,HC,F,30,3,GD,SA
1241,SC,5,N,NA,NA,0,0,0,0,0,0,0,0,0,0,0,5,5,5,AE,F,18,3,BA,PAC
1242,MM,5,MM,PSE,OC,0,0,0,0,0,0,0,0,0,0,1,1,1,0,OT,F,30,5,AD,WSC
1243,MM,25,D,SB,SB,1,1,0,0,0,0,0,0,0,0,0,4,4,4,OT,F,61,5,BA,WNC
1244,SC,1,W,SB,SB,0,0,0,0,1,0,1,0,0,1,0,1,1,0,FO,F,18,0,AD,WNC
1245,SC,5,M,OC,PSB,0,0,1,0,0,1,0,0,0,1,0,0,2,0,CM,F,18,1,BA,WNC
1246,MM,10,D,SF,PSB,0,0,0,0,0,0,0,0,0,0,1,2,4,2,IS,M,30,1,HS,ENC
1247,MM,25,D,SB,SB,1,0,0,0,1,0,0,0,0,0,0,2,4,2,HC,F,61,3,AD,ESC
1248,MM,5,M,PSE,SB,0,0,0,0,0,1,0,0,0,0,0,1,2,1,ED,F,30,2,GD,SA
1249,MM,10,MM,SB,PSB,1,0,1,0,0,0,0,0,1,1,0,3,2,1,AE,M,30,2,AD,SA
1250,MM,20,N,NA,NA,0,0,0,0,0,0,0,0,0,0,0,5,5,5,BS,M,30,3,GD,ENC
1251,SC,5,N,NA,NA,0,0,0,0,0,0,0,0,0,0,0,5,5,5,OF,F,30,4,BA,ENC
1252,SC,5,N,NA,NA,0,0,0,0,0,0,0,0,0,0,0,5,5,5,ED,M,18,1,BA,ENC
1253,MM,20,N,NA,NA,0,0,0,0,0,0,0,0,0,0,0,5,5,5,OT,M,61,1,AD,ENC
1254,MM,15,MM,PSE,OC,1,0,0,0,0,0,0,0,0,0,0,2,0,0,MA,F,30,2,AD,WNC
1255,MM,10,N,NA,NA,0,0,0,0,0,0,0,0,0,0,0,5,5,5,LS,M,30,2,GD,NE
1256,MM,15,N,NA,NA,0,0,0,0,0,0,0,0,0,0,0,5,5,5,LS,M,61,2,GD,MA
1257,MM,25,MM,PSE,SB,0,0,0,0,0,0,0,0,1,0,0,0,0,0,OT,M,61,2,AD,SA
1258,SC,5,D,O,O,0,0,0,0,0,0,0,0,0,0,1,0,0,0,HS,F,18,2,BA,MA
1259,MM,15,Y,OC,PSB,0,0,0,0,0,0,0,0,0,0,1,0,0,0,CM,M,45,3,BA,ENC
1260,MM,25,W,SB,PSB,1,0,0,0,0,0,0,0,0,0,0,2,3,0,ED,F,61,3,GD,WNC
1261,MM,10,D,SB,SB,1,0,0,0,1,0,0,0,0,0,1,4,4,2,HC,F,61,2,GD,SA
1262,DV,15,N,NA,NA,0,0,0,0,0,0,0,0,0,0,0,5,5,5,OT,F,61,2,BA,MT
1263,MM,15,W,SB,PSB,0,0,0,0,0,0,0,0,0,0,1,4,4,4,ED,F,30,5,BA,WSC
1264,MM,5,N,NA,NA,0,0,0,0,0,0,0,0,0,0,0,5,5,5,OF,F,30,2,AD,MA
1265,MM,15,W,PSE,OC,1,0,0,0,0,0,0,0,1,0,0,1,3,0,ED,M,45,2,BA,MT
1266,MM,15,W,OC,DB,0,0,0,0,0,0,0,0,0,0,1,1,4,2,OF,F,30,1,BA,WSC
1267,MM,10,M,OC,OC,0,0,0,0,0,1,0,0,0,0,1,0,2,0,SA,F,30,2,BA,MA
1268,MM,25,D,OC,DB,0,0,1,0,0,0,0,0,0,0,0,0,0,0,OT,M,61,2,AD,ENC
1269,DP,1,M,OC,OC,0,0,0,0,0,0,0,0,0,1,0,0,1,2,ED,M,30,1,GD,MT
1270,MM,15,N,NA,NA,0,0,0,0,0,0,0,0,0,0,0,5,5,5,ED,O,0,5,OT,P
1271,MM,25,D,DB,DB,1,1,0,0,1,0,0,0,0,0,1,4,4,2,OT,M,61,2,GD,PAC
1272,MM,25,N,NA,NA,0,0,0,0,0,0,0,0,0,0,0,5,5,5,CM,M,45,2,AD,MA
1273,MM,25,N,NA,NA,0,0,0,0,0,0,0,0,0,0,0,5,5,5,MA,M,45,3,AD,WSC
1274,MM,15,N,NA,NA,0,0,0,0,0,0,0,0,0,0,0,5,5,5,ED,F,30,2,BA,ENC
1275,MM,5,Y,OC,OC,0,0,0,0,0,1,0,0,0,0,0,2,0,2,HS,F,18,0,AD,PAC
1276,MM,20,N,NA,NA,0,0,0,0,0,0,0,0,0,0,0,5,5,5,AE,M,45,3,GD,PAC
1277,MM,25,N,NA,NA,0,0,0,0,0,0,0,0,0,0,0,5,5,5,LF,M,61,4,GD,WNC
1278,DP,10,MM,SB,SB,0,0,0,0,0,0,0,0,0,0,1,2,3,2,OT,M,30,2,BA,PAC
1279,MM,15,MM,PSE,OC,0,0,0,0,0,0,0,0,0,0,1,0,1,2,LF,F,30,5,GD,MA
1280,MM,25,Y,SB,PSB,0,0,1,0,0,0,0,0,0,0,0,1,2,2,AE,M,61,3,BA,ENC
1281,MM,25,M,SB,SB,0,0,0,0,0,0,0,0,1,0,1,0,0,2,BS,M,30,4,BA,MA
1282,MM,15,N,NA,NA,0,0,0,0,0,0,0,0,0,0,0,5,5,5,OT,M,45,5,GD,SA
1283,SC,5,D,PSE,OC,1,0,0,0,0,0,0,0,0,0,0,3,4,1,LS,F,18,1,BA,ENC
1284,MM,25,N,NA,NA,0,0,0,0,0,0,0,0,0,0,0,5,5,5,OT,M,45,2,HS,NE
1285,SC,5,D,SB,SB,1,1,0,0,1,0,0,0,0,1,0,3,4,0,FO,M,30,5,AD,WSC
1286,MM,25,D,SB,SB,0,0,0,1,1,0,0,0,0,0,0,4,4,0,ED,M,61,3,GD,MA
1287,MM,25,Y,OC,PSB,0,0,1,0,0,0,0,0,0,0,0,0,0,0,OT,M,61,2,AD,WNC
1288,MM,25,N,NA,NA,0,0,0,0,0,0,0,0,0,0,0,5,5,5,MA,M,45,4,GD,SA
1289,MM,5,M,SB,SB,0,0,0,0,0,0,0,0,1,0,0,2,3,2,SA,F,30,4,GD,WSC
1290,MM,15,N,NA,NA,0,0,0,0,0,0,0,0,0,0,0,5,5,5,CM,M,30,2,AD,ENC
1291,MM,10,Y,OC,O,0,0,0,0,1,1,1,0,0,1,0,3,1,2,FO,F,30,0,AD,PAC
1292,MM,25,N,NA,NA,0,0,0,0,0,0,0,0,0,0,0,5,5,5,OT,M,61,5,GD,NE
1293,MM,15,W,DB,PSB,1,0,0,0,1,0,0,1,0,0,0,3,2,3,BS,M,45,3,AD,PAC
1294,MM,25,N,NA,NA,0,0,0,0,0,0,0,0,0,0,0,5,5,5,OT,O,0,5,OT,P
1295,MM,25,Y,SB,PSB,0,0,1,0,0,1,0,0,0,0,0,2,2,2,OT,M,61,3,GD,ENC
1296,MM,25,N,NA,NA,0,0,0,0,0,0,0,0,0,0,0,5,5,5,ED,F,45,2,GD,ENC
1297,MM,10,N,NA,NA,0,0,0,0,0,0,0,0,0,0,0,5,5,5,HS,M,45,2,GD,SA
1298,MM,25,N,NA,NA,0,0,0,0,0,0,0,0,0,0,0,5,5,5,HC,O,0,5,OT,P
1299,MM,15,M,OC,PSB,1,1,0,0,0,0,0,0,0,0,0,1,3,1,ED,F,45,3,GD,SA
1300,SC,10,N,NA,NA,0,0,0,0,0,0,0,0,0,0,0,5,5,5,FO,M,30,5,BA,ENC
1301,MM,10,MM,PSE,SB,1,1,0,0,1,0,1,1,0,0,1,2,4,2,BS,F,45,2,GD,ESC
1302,DV,5,N,NA,NA,0,0,0,0,0,0,0,0,0,0,0,5,5,5,OF,F,30,1,AD,PAC
1303,MM,25,N,NA,NA,0,0,0,0,0,0,0,0,0,0,0,5,5,5,HC,F,61,4,GD,MT
1304,SC,5,N,NA,NA,0,0,0,0,0,0,0,0,0,0,0,5,5,5,OF,F,30,5,AD,NE
1305,MM,25,Y,SB,SB,0,0,0,0,0,0,0,0,1,0,0,2,3,2,CM,M,30,2,BA,MT
1306,SC,5,N,NA,NA,0,0,0,0,0,0,0,0,0,0,0,5,5,5,OT,F,18,5,HS,SA
1307,MM,20,M,PSE,OC,0,0,0,0,0,1,0,0,0,0,0,2,3,2,SA,F,30,2,AD,SA
1308,MM,25,Y,OC,PSB,0,0,0,0,0,1,0,0,0,0,0,0,0,0,AD,O,0,5,OT,P
1309,MM,25,N,NA,NA,0,0,0,0,0,0,0,0,0,0,0,5,5,5,OT,F,45,5,BA,NE
1310,MM,25,D,PSE,OC,1,0,0,0,0,0,0,0,0,0,1,2,3,1,OT,M,45,4,BA,PAC
1311,MM,25,D,SB,SB,1,0,0,0,0,0,0,0,0,1,1,2,4,2,OT,F,61,3,GD,NE
1312,SC,10,Y,OC,OC,0,0,0,0,0,1,0,0,0,0,1,0,1,0,OT,M,18,2,BA,WNC
1313,MM,10,N,NA,NA,0,0,0,0,0,0,0,0,0,0,0,5,5,5,OF,F,45,3,AD,NE
1314,MM,10,M,O,PSB,0,0,0,0,0,1,0,0,0,0,1,1,1,1,OT,F,30,3,GD,PAC
1315,MM,25,N,NA,NA,0,0,0,0,0,0,0,0,0,0,0,5,5,5,OT,F,61,5,HS,ENC
1316,MM,25,N,NA,NA,0,0,0,0,0,0,0,0,0,0,0,5,5,5,OT,F,61,1,AD,MA
1317,MM,25,Y,OC,OC,0,0,1,0,0,0,0,0,0,0,0,0,3,1,ED,F,45,5,BA,WNC
1318,MM,10,Y,OC,PSB,0,0,1,0,0,0,0,0,0,0,1,0,0,0,MA,F,30,4,GD,ENC
1319,MM,25,N,NA,NA,0,0,0,0,0,0,0,0,0,0,0,5,5,5,OT,M,61,3,BA,ENC
1320,MM,5,N,NA,NA,0,0,0,0,0,0,0,0,0,0,0,5,5,5,OT,F,61,5,HS,ENC
1321,MM,20,Y,OC,SB,0,0,0,0,0,0,0,0,1,0,0,1,1,0,CM,M,45,5,BA,NE
1322,DP,25,M,SB,PSB,0,0,1,0,0,0,0,0,0,0,0,0,1,0,OT,F,30,1,AD,PAC
1323,SC,10,N,NA,NA,0,0,0,0,0,0,0,0,0,0,0,5,5,5,FO,F,18,2,BA,MA
1324,DP,5,N,NA,NA,0,0,0,0,0,0,0,0,0,0,0,5,5,5,BS,M,30,3,GD,MT
1325,MM,15,MM,O,PSB,1,0,0,0,1,0,0,0,0,0,0,1,1,2,OT,M,30,2,AD,MT
1326,MM,25,D,SB,SB,1,0,0,0,0,0,0,0,0,0,1,3,4,2,ED,M,45,4,BA,WNC
1327,MM,25,N,NA,NA,0,0,0,0,0,0,0,0,0,0,0,5,5,5,OF,F,45,3,AD,MA
1328,MM,25,Y,OC,PSB,0,0,0,0,0,1,0,0,0,0,0,0,0,0,AD,M,45,3,GD,WNC
1329,WD,0,NA,NO,NO,0,0,0,0,0,0,0,0,0,0,0,5,5,5,NO,O,0,5,OT,P
1330,MM,25,N,NA,NA,0,0,0,0,0,0,0,0,0,0,0,5,5,5,OT,M,45,3,GD,ESC
1331,MM,25,M,OC,PSB,1,0,0,0,0,1,0,0,0,0,0,2,3,1,OT,M,45,2,GD,ENC
1332,MM,25,N,NA,NA,0,0,0,0,0,0,0,0,0,0,0,5,5,5,AD,O,0,5,OT,P
1333,MM,25,M,PSE,OC,0,0,1,0,0,0,0,0,0,0,0,2,3,2,OT,M,61,4,GD,ENC
1334,SC,5,M,OC,PSB,1,0,0,0,0,0,0,0,0,1,0,2,2,1,MA,M,30,4,GD,WNC
1335,MM,25,N,NA,NA,0,0,0,0,0,0,0,0,0,0,0,5,5,5,CO,M,45,4,BA,MA
1336,MM,25,N,NA,NA,0,0,0,0,0,0,0,0,0,0,0,5,5,5,OT,M,61,2,GD,SA
1337,MM,5,Y,PSE,OC,0,0,1,0,0,0,0,0,0,1,0,0,0,0,MA,O,0,5,OT,P
1338,SC,5,N,NA,NA,0,0,0,0,0,0,0,0,0,0,0,5,5,5,OT,M,18,0,AD,PAC
1339,MM,15,D,SB,SB,1,0,0,1,0,0,0,0,0,0,0,4,4,2,OF,F,61,1,AD,WSC
1340,MM,25,N,NA,NA,0,0,0,0,0,0,0,0,0,0,0,5,5,5,ED,M,61,3,GD,WNC
1341,MM,25,D,SB,SB,1,0,0,0,0,0,0,0,0,0,0,3,4,1,OT,M,61,3,AD,ENC
1342,MM,25,N,NA,NA,0,0,0,0,0,0,0,0,0,0,0,5,5,5,AD,F,61,2,AD,SA
1343,MM,10,N,NA,NA,0,0,0,0,0,0,0,0,0,0,0,5,5,5,PR,O,0,5,OT,P
1344,MM,25,Y,OC,PSB,0,0,1,0,0,0,0,0,0,0,0,2,1,2,LF,F,45,5,AD,WNC
1345,MM,25,D,PSE,OC,1,1,0,1,0,0,0,0,0,0,0,0,4,2,MA,M,45,3,AD,MA
1346,DP,20,D,SB,SB,1,0,0,0,1,0,0,0,0,0,0,4,4,2,OT,F,45,1,HS,ENC
1347,MM,25,N,NA,NA,0,0,0,0,0,0,0,0,0,0,0,5,5,5,PC,O,0,5,OT,P
1348,SC,5,M,PSE,SB,0,0,0,0,0,0,0,0,0,1,0,0,2,0,OF,F,30,3,GD,PAC
1349,MM,5,N,NA,NA,0,0,0,0,0,0,0,0,0,0,0,5,5,5,OF,F,18,2,BA,SA
1350,MM,5,Y,PSE,OC,0,0,1,0,0,0,0,0,0,1,0,0,0,0,MA,F,45,4,BA,MA
1351,MM,10,N,NA,NA,0,0,0,0,0,0,0,0,0,0,0,5,5,5,ED,F,18,2,BA,ENC
1352,MM,25,Y,SB,PSB,0,0,0,0,0,0,0,0,0,0,1,0,3,0,TR,M,61,2,AD,WNC
1353,MM,25,N,NA,NA,0,0,0,0,0,0,0,0,0,0,0,5,5,5,PC,F,45,0,AD,NE
1354,MM,25,N,NA,NA,0,0,0,0,0,0,0,0,0,0,0,5,5,5,OT,M,61,4,GD,PAC
1355,MM,10,N,NA,NA,0,0,0,0,0,0,0,0,0,0,0,5,5,5,BS,F,45,2,AD,NE
1356,MM,20,N,NA,NA,0,0,0,0,0,0,0,0,0,0,0,5,5,5,ED,F,30,2,GD,ENC
1357,MM,20,MM,PSE,OC,1,0,1,0,0,1,0,0,0,0,1,2,2,2,SA,M,30,4,AD,PAC
1358,MM,25,Y,OC,OC,1,0,0,0,0,0,0,0,0,0,0,2,3,2,OT,F,61,3,BA,PAC
1359,MM,25,N,NA,NA,0,0,0,0,0,0,0,0,0,0,0,5,5,5,MA,M,61,4,GD,PAC
1360,MM,10,Y,OC,PSB,0,0,0,0,0,0,0,0,0,1,0,2,0,0,OT,M,18,0,BA,ENC
1361,MM,25,N,NA,NA,0,0,0,0,0,0,0,0,0,0,0,5,5,5,HS,F,45,2,AD,MA
1362,MM,25,N,NA,NA,0,0,0,0,0,0,0,0,0,0,0,5,5,5,CM,M,45,5,GD,NE
1363,MM,25,N,NA,NA,0,0,0,0,0,0,0,0,0,0,0,5,5,5,OT,F,30,1,AD,WNC
1364,SC,5,N,NA,NA,0,0,0,0,0,0,0,0,0,0,0,5,5,5,OF,F,30,2,BA,NE
1365,MM,25,N,NA,NA,0,0,0,0,0,0,0,0,0,0,0,5,5,5,ED,F,45,5,GD,SA
1366,MM,25,N,NA,NA,0,0,0,0,0,0,0,0,0,0,0,5,5,5,AD,F,61,5,GD,NE
1367,MM,25,MM,OC,PSB,0,0,0,0,0,0,0,0,0,0,1,2,0,2,ED,M,61,4,GD,MA
1368,SC,5,N,NA,NA,0,0,0,0,0,0,0,0,0,0,0,5,5,5,OT,F,18,3,AD,PAC
1369,MM,0,NA,NO,NO,0,0,0,0,0,0,0,0,0,0,0,5,5,5,NO,O,0,5,OT,P
1370,MM,25,N,NA,NA,0,0,0,0,0,0,0,0,0,0,0,5,5,5,SA,F,45,5,BA,NE
1371,MM,25,N,NA,NA,0,0,0,0,0,0,0,0,0,0,0,5,5,5,ED,F,45,3,BA,PAC
1372,MM,5,N,NA,NA,0,0,0,0,0,0,0,0,0,0,0,5,5,5,OT,F,18,1,AD,MT
1373,MM,25,D,DB,DB,0,0,0,0,0,0,0,0,0,0,1,1,4,0,OT,M,61,3,GD,ENC
1374,DP,10,N,NA,NA,0,0,0,0,0,0,0,0,0,0,0,5,5,5,OT,F,45,2,AD,PAC
1375,MM,25,N,NA,NA,0,0,0,0,0,0,0,0,0,0,0,5,5,5,MA,M,61,4,GD,SA
1376,MM,25,D,SB,PSB,1,0,0,0,0,0,0,0,0,0,0,2,4,2,ED,F,45,5,GD,SA
1377,MM,25,W,SB,SB,1,0,0,0,0,0,0,0,0,0,0,4,4,2,OT,M,61,3,GD,NE
1378,MM,25,Y,PSE,SB,1,0,1,0,0,0,0,0,0,0,0,0,1,0,MA,M,61,5,GD,SA
1379,MM,25,D,SB,SB,0,0,0,0,0,0,0,0,0,1,0,4,3,0,OF,F,61,3,AD,ENC
1380,MM,25,N,NA,NA,0,0,0,0,0,0,0,0,0,0,0,5,5,5,OT,M,45,2,GD,ESC
1381,MM,15,M,PSE,OC,0,0,0,0,0,0,0,0,0,0,1,2,4,2,PC,F,30,2,GD,WNC
1382,MM,25,N,NA,NA,0,0,0,0,0,0,0,0,0,0,0,5,5,5,OT,M,45,4,GD,WNC
1383,MM,10,N,NA,NA,0,0,0,0,0,0,0,0,0,0,0,5,5,5,OT,O,0,5,OT,P
1384,DV,5,M,PSE,SB,1,0,0,0,0,0,0,0,0,0,0,3,2,2,OT,M,45,3,AD,ENC
1385,MM,10,N,NA,NA,0,0,0,0,0,0,0,0,0,0,0,5,5,5,SA,O,0,5,OT,P
1386,SC,5,D,PSE,OC,1,0,0,0,0,0,1,1,0,0,1,3,4,2,OF,F,18,2,BA,WNC
1387,SP,5,M,PSE,OC,0,0,0,0,0,0,1,0,0,0,0,2,1,1,MA,F,30,1,BA,PAC
1388,MM,15,W,OC,PSB,0,0,0,0,0,0,0,0,1,0,0,0,0,0,SA,F,30,2,BA,SA
1389,SC,5,MM,NO,NO,0,0,0,0,0,0,0,0,0,0,0,5,5,5,NO,O,0,5,OT,P
1390,MM,10,N,NA,NA,0,0,0,0,0,0,0,0,0,0,0,5,5,5,SA,F,45,3,BA,ENC
1391,MM,10,N,NA,NA,0,0,0,0,0,0,0,0,0,0,0,5,5,5,CM,M,30,5,AD,NE
1392,MM,5,N,NA,NA,0,0,0,0,0,0,0,0,0,0,0,5,5,5,HS,F,18,2,GD,ENC
1393,DP,25,N,NA,NA,0,0,0,0,0,0,0,0,0,0,0,5,5,5,OT,M,61,2,HS,MA
1394,DP,15,D,SB,SB,1,0,0,0,0,0,0,0,0,0,0,2,2,2,OT,M,61,5,GD,ENC
1395,MM,15,Y,OC,PSB,0,0,1,0,0,0,0,0,0,0,0,0,1,0,ED,M,61,3,BA,ENC
1396,MM,25,Y,OC,OC,0,0,0,0,0,1,0,0,0,0,0,0,0,0,OT,M,45,4,GD,ENC
1397,MM,25,N,NA,NA,0,0,0,0,0,0,0,0,0,0,0,5,5,5,OT,M,61,5,GD,NE
1398,MM,15,N,NA,NA,0,0,0,0,0,0,0,0,0,0,0,5,5,5,OF,F,30,2,AD,WNC
1399,SC,5,N,NA,NA,0,0,0,0,0,0,0,0,0,0,0,5,5,5,OF,F,18,0,AD,MT
1400,MM,0,NA,NO,NO,0,0,0,0,0,0,0,0,0,0,0,5,5,5,NO,O,0,5,OT,P
1401,MM,15,W,PSE,SB,0,0,0,0,0,0,0,0,0,0,1,0,0,2,CO,M,45,2,GD,MT
1402,SC,5,W,PSE,OC,1,0,0,0,0,0,0,0,0,0,0,2,2,2,TR,F,30,2,AD,ENC
1403,MM,25,N,NA,NA,0,0,0,0,0,0,0,0,0,0,0,5,5,5,OT,F,61,2,GD,PAC
1404,MM,25,N,NA,NA,0,0,0,0,0,0,0,0,0,0,0,5,5,5,OT,M,61,3,AD,ENC
1405,MM,5,N,NA,NA,0,0,0,0,0,0,0,0,0,0,0,5,5,5,ED,M,30,3,GD,WNC
1406,MM,10,M,SB,SB,0,0,1,0,0,1,0,0,0,1,0,2,1,1,OF,F,18,5,GD,PAC
1407,MM,25,D,PSE,OC,1,0,0,0,0,0,0,0,0,0,0,1,3,3,PR,F,61,2,AD,NE
1408,MM,25,N,NA,NA,0,0,0,0,0,0,0,0,0,0,0,5,5,5,OF,F,45,1,AD,WSC
1409,MM,5,N,NA,NA,0,0,0,0,0,0,0,0,0,0,0,5,5,5,HC,F,18,3,AD,ENC
1410,MM,25,N,NA,NA,0,0,0,0,0,0,0,0,0,0,0,5,5,5,ED,F,61,5,GD,WNC
1411,SC,1,M,SB,PSB,0,0,0,0,1,1,0,0,0,0,0,0,3,2,AD,O,0,5,OT,P
1412,MM,10,N,NA,NA,0,0,0,0,0,0,0,0,0,0,0,5,5,5,CM,M,30,3,BA,NE
1413,MM,10,D,NA,NA,0,0,0,0,0,0,0,0,0,0,0,5,5,5,NO,O,0,5,OT,P
1414,SC,5,N,NA,NA,0,0,0,0,0,0,0,0,0,0,0,5,5,5,LF,F,30,2,GD,SA
1415,MM,15,Y,O,O,1,0,1,0,0,0,0,0,0,0,0,2,0,2,SA,F,45,2,HS,ENC
1416,MM,25,N,NA,NA,0,0,0,0,0,0,0,0,0,0,0,5,5,5,MA,O,0,5,OT,P
1417,MM,10,N,NA,NA,0,0,0,0,0,0,0,0,0,0,0,5,5,5,BS,F,30,4,BA,WSC
1418,MM,5,Y,OC,OC,0,0,1,0,0,1,0,0,0,0,0,0,0,0,AD,M,18,2,GD,WNC
1419,SC,10,N,NA,NA,0,0,0,0,0,0,0,0,0,0,0,5,5,5,LF,F,18,0,BA,ENC
1420,SP,20,M,OC,OC,1,0,0,0,0,1,0,0,0,0,1,2,2,0,OT,F,45,4,GD,SA
1421,SC,5,Y,OC,PSB,0,0,0,0,0,0,0,0,0,0,1,0,0,0,HC,F,18,2,BA,PAC
1422,MM,25,D,SB,SB,1,0,0,1,0,0,0,0,0,0,0,4,4,2,OT,M,61,5,GD,NE
1423,MM,10,D,PSE,OC,0,0,0,0,0,0,0,0,0,1,0,0,0,0,MA,F,30,2,AD,MA
1424,MM,25,N,NA,NA,0,0,0,0,0,0,0,0,0,0,0,5,5,5,OT,M,61,5,HS,MA
1425,MM,25,N,NA,NA,0,0,0,0,0,0,0,0,0,0,0,5,5,5,MA,M,45,5,HS,ENC
1426,DV,10,W,O,O,0,0,0,0,0,0,0,0,0,0,1,1,2,0,OF,M,45,1,BA,WNC
1427,DP,15,MM,PSE,SB,0,0,0,0,1,0,0,0,0,0,0,2,3,2,OT,M,61,2,BA,WNC
1428,SC,1,M,SB,PSB,0,0,0,0,1,1,0,0,0,0,0,0,3,2,AD,F,18,2,BA,WNC
1429,MM,25,N,NA,NA,0,0,0,0,0,0,0,0,0,0,0,5,5,5,CM,M,61,4,BA,WSC
1430,MM,20,Y,SB,PSB,0,0,1,0,0,0,0,0,0,0,0,3,3,0,HS,M,45,2,BA,PAC
1431,MM,25,N,NA,NA,0,0,0,0,0,0,0,0,0,0,0,5,5,5,BS,M,45,3,GD,ENC
1432,MM,10,M,OC,OC,0,0,0,0,0,1,0,0,0,0,0,3,0,0,IS,M,30,1,HS,ENC
1433,SP,25,D,PSE,OC,1,0,0,1,0,0,0,0,0,0,0,2,4,2,SA,F,45,2,BA,MT
1434,MM,10,N,NA,NA,0,0,0,0,0,0,0,0,0,0,0,5,5,5,BS,F,45,2,HS,ENC
1435,MM,25,Y,OC,PSB,1,0,1,0,0,0,0,0,0,0,0,1,1,1,OT,F,45,2,AD,ENC
1436,MM,25,N,NA,NA,0,0,0,0,0,0,0,0,0,0,0,5,5,5,OT,M,45,3,GD,ENC
1437,MM,10,N,NA,NA,0,0,0,0,0,0,0,0,0,0,0,5,5,5,OT,F,61,5,AD,ENC
1438,MM,25,D,PSE,OC,1,0,0,0,0,0,0,0,0,0,0,4,4,2,LF,F,45,3,AD,ENC
1439,MM,25,N,NA,NA,0,0,0,0,0,0,0,0,0,0,0,5,5,5,ED,F,45,2,BA,SA
1440,MM,25,N,NA,NA,0,0,0,0,0,0,0,0,0,0,0,5,5,5,BS,M,61,5,GD,SA
1441,MM,25,N,NA,NA,0,0,0,0,0,0,0,0,0,0,0,5,5,5,MA,F,45,4,AD,WNC
1442,MM,10,N,NA,NA,0,0,0,0,0,0,0,0,0,0,0,5,5,5,OT,F,61,5,AD,NE
1443,MM,15,Y,O,PSB,0,0,0,0,0,0,0,0,0,0,1,0,0,0,CC,M,61,3,GD,WSC
1444,MM,25,N,NA,NA,0,0,0,0,0,0,0,0,0,0,0,5,5,5,HC,F,61,2,AD,ENC
1445,MM,25,N,NA,NA,0,0,0,0,0,0,0,0,0,0,0,5,5,5,OT,F,61,5,AD,ENC
1446,MM,25,MM,SB,SB,1,0,0,0,0,0,0,0,0,0,0,2,2,2,ED,F,45,2,GD,WSC
1447,MM,5,N,NA,NA,0,0,0,0,0,0,0,0,0,0,0,5,5,5,ED,F,18,2,BA,PAC
1448,MM,15,N,NA,NA,0,0,0,0,0,0,0,0,0,0,0,5,5,5,OT,F,30,2,BA,SA
1449,MM,25,D,PSE,SB,1,0,0,1,0,0,1,0,0,0,1,4,4,0,OT,F,61,5,HS,PAC
1450,MM,25,N,NA,NA,0,0,0,0,0,0,0,0,0,0,0,5,5,5,OT,F,61,1,HS,MA
1451,MM,25,Y,SB,SB,1,0,0,0,0,1,0,0,0,0,0,2,1,0,OT,M,45,2,BA,WSC
1452,MM,15,N,NA,NA,0,0,0,0,0,0,0,0,0,0,0,5,5,5,FO,F,30,5,AD,PAC
1453,MM,25,N,NA,NA,0,0,0,0,0,0,0,0,0,0,0,5,5,5,ED,F,30,5,GD,PAC
1454,MM,25,Y,PSE,OC,0,0,0,0,0,0,0,0,0,0,1,2,4,2,OF,F,45,3,AD,ENC
1455,DP,5,N,NA,NA,0,0,0,0,0,0,0,0,0,0,0,5,5,5,PC,F,18,5,HS,MT
1456,MM,10,MM,O,O,0,0,0,0,0,0,0,0,1,0,0,2,1,2,HS,F,30,4,GD,SA
1457,MM,25,N,NA,NA,0,0,0,0,0,0,0,0,0,0,0,5,5,5,OT,M,61,5,GD,MA
1458,SC,0,NA,NO,NO,0,0,0,0,0,0,0,0,0,0,0,5,5,5,NO,O,0,5,OT,P
1459,MM,25,D,SB,SB,0,1,0,0,0,0,0,0,0,0,0,4,4,2,OT,M,61,3,GD,MA
1460,DP,5,D,PSE,OC,1,1,0,0,1,0,1,1,0,1,0,1,3,0,HC,F,30,0,HS,ESC
1461,MM,20,N,NA,NA,0,0,0,0,0,0,0,0,0,0,0,5,5,5,OT,M,30,3,BA,SA
1462,SC,5,N,NA,NA,0,0,0,0,0,0,0,0,0,0,0,5,5,5,PC,O,0,5,OT,P
1463,MM,25,D,SB,SB,1,0,0,0,0,0,0,0,0,0,0,2,4,2,ED,M,61,4,GD,SA
1464,MM,15,N,NA,NA,0,0,0,0,0,0,0,0,0,0,0,5,5,5,ED,O,0,5,OT,P
1465,SC,5,N,NA,NA,0,0,0,0,0,0,0,0,0,0,0,5,5,5,OF,F,18,1,AD,WSC
1466,MM,15,D,PSE,OC,1,0,0,0,0,0,0,0,0,1,0,2,3,0,HC,F,30,3,AD,ENC
1467,SC,10,N,NA,NA,0,0,0,0,0,0,0,0,0,0,0,5,5,5,OT,F,18,2,AD,MA
1468,MM,25,N,NA,NA,0,0,0,0,0,0,0,0,0,0,0,5,5,5,IS,F,45,5,HS,ESC
1469,MM,15,Y,OC,PSB,0,0,1,0,0,0,0,0,0,0,0,0,1,0,OT,F,30,2,BA,WNC
1470,MM,15,N,NA,NA,0,0,0,0,0,0,0,0,0,0,0,5,5,5,ED,F,45,5,BA,PAC
1471,MM,25,N,NA,NA,0,0,0,0,0,0,0,0,0,0,0,5,5,5,OT,M,61,5,GD,SA
1472,MM,25,N,NA,NA,0,0,0,0,0,0,0,0,0,0,0,5,5,5,OF,F,45,5,AD,PAC
1473,MM,25,Y,OC,PSB,0,0,1,0,0,0,0,0,0,0,0,2,2,2,OT,O,0,5,OT,P
1474,MM,10,N,NA,NA,0,0,0,0,0,0,0,0,0,0,0,5,5,5,NO,O,0,5,OT,P
1475,MM,20,Y,OC,PSB,0,0,0,0,0,1,0,0,0,0,0,4,1,2,MA,M,30,2,GD,PAC
1476,MM,20,N,NA,NA,0,0,0,0,0,0,0,0,0,0,0,5,5,5,LF,M,30,4,GD,ENC
1477,MM,25,N,NA,NA,0,0,0,0,0,0,0,0,0,0,0,5,5,5,OT,F,61,2,GD,ENC
1478,MM,25,N,NA,NA,0,0,0,0,0,0,0,0,0,0,0,5,5,5,BS,M,45,2,BA,WNC
1479,MM,5,N,NA,NA,0,0,0,0,0,0,0,0,0,0,0,5,5,5,ED,F,18,2,GD,ESC
1480,MM,15,MM,PSE,SB,1,1,1,0,1,0,0,0,0,1,0,2,2,2,MA,M,45,5,GD,MA
1481,MM,20,W,OC,PSB,1,0,0,0,0,0,0,0,0,1,0,4,4,4,HC,F,30,2,BA,ENC
1482,MM,15,D,SB,SB,0,0,0,0,0,0,0,0,0,0,1,4,4,0,ED,F,45,3,GD,NE
1483,MM,5,Y,PSE,OC,0,0,0,0,0,0,0,0,0,1,0,0,1,0,HC,F,30,1,GD,SA
1484,MM,25,N,NA,NA,0,0,0,0,0,0,0,0,0,0,0,5,5,5,FO,F,45,1,BA,ESC
1485,SC,5,N,NA,NA,0,0,0,0,0,0,0,0,0,0,0,5,5,5,OT,F,18,2,BA,NE
1486,SC,5,D,NA,NA,0,0,0,0,0,0,0,0,0,0,0,5,5,5,NO,O,0,5,OT,P
1487,SC,10,N,NA,NA,0,0,0,0,0,0,0,0,0,0,0,5,5,5,OT,F,18,0,BA,WNC
1488,MM,25,W,SB,PSB,1,1,0,0,0,0,0,0,0,0,0,2,3,2,OT,F,61,2,AD,SA
1489,MM,10,Y,O,O,0,0,0,0,0,0,0,0,0,0,1,0,0,0,OF,F,18,2,AD,SA
1490,MM,25,Y,OC,PSB,1,0,1,0,0,0,0,0,0,0,1,1,1,0,OT,M,45,5,BA,PAC
1491,MM,25,D,NA,NA,0,0,0,0,0,0,0,0,0,0,0,5,5,5,NO,O,0,5,OT,P
1492,MM,10,MM,PSE,OC,1,1,1,0,0,0,0,0,0,0,0,2,1,2,OT,F,18,4,HS,PAC
1493,MM,15,D,SB,SB,0,0,0,0,0,1,0,1,0,0,0,0,4,1,SA,M,45,0,HS,SA
1494,MM,5,N,NA,NA,0,0,0,0,0,0,0,0,0,0,0,5,5,5,ED,F,30,2,BA,MA
1495,MM,25,Y,OC,PSB,0,0,1,0,0,0,0,0,0,0,0,2,2,2,OT,F,61,3,BA,ENC
1496,MM,25,N,NA,NA,0,0,0,0,0,0,0,0,0,0,0,5,5,5,LF,F,61,2,GD,ENC
1497,MM,25,Y,SB,PSB,0,0,1,0,0,0,0,0,1,0,0,2,0,2,BS,M,61,4,GD,SA
1498,MM,20,N,NA,NA,0,0,0,0,0,0,0,0,0,0,0,5,5,5,SA,F,30,5,AD,MT
1499,MM,20,N,NA,NA,0,0,0,0,0,0,0,0,0,0,0,5,5,5,ED,M,30,2,AD,SA
1500,MM,10,D,SB,SB,1,1,0,0,0,0,0,0,0,1,0,4,4,4,BS,M,61,3,AD,NE
1501,MM,25,D,SB,SB,1,1,0,0,0,0,0,0,0,0,0,3,3,2,OT,M,61,2,AD,PAC
1502,MM,5,N,NA,NA,0,0,0,0,0,0,0,0,0,0,0,5,5,5,OT,F,30,2,BA,PAC
1503,MM,25,Y,SB,PSB,0,0,1,0,0,0,0,0,0,0,0,2,2,2,OT,F,61,5,BA,ENC
1504,MM,20,M,NO,NO,0,0,0,0,0,0,0,0,0,0,0,5,5,5,NO,O,0,5,OT,P
1505,MM,10,M,OC,PSB,0,0,1,0,0,1,0,0,0,0,0,2,1,0,OF,M,18,2,HS,WNC
1506,MM,25,N,NA,NA,0,0,0,0,0,0,0,0,0,0,0,5,5,5,OT,F,61,5,GD,MA
1507,MM,25,M,O,OC,0,0,0,0,0,0,0,0,0,0,1,0,0,0,HC,F,45,4,GD,WNC
1508,MM,25,W,SB,SB,1,1,0,0,0,0,0,0,0,0,0,1,4,2,ED,F,61,5,GD,MA
1509,SC,5,D,OC,PSB,0,0,0,0,0,0,0,0,0,0,1,2,4,3,OT,M,61,5,AD,ENC
1510,SC,5,N,NA,NA,0,0,0,0,0,0,0,0,0,0,0,5,5,5,CM,F,30,4,AD,ENC
1511,DP,5,N,NA,NA,0,0,0,0,0,0,0,0,0,0,0,5,5,5,CM,F,45,3,AD,MT
1512,MM,25,N,NA,NA,0,0,0,0,0,0,0,0,0,0,0,5,5,5,OT,F,61,4,GD,WSC
1513,MM,25,N,NA,NA,0,0,0,0,0,0,0,0,0,0,0,5,5,5,OT,M,61,2,HS,WNC
1514,MM,10,N,NA,NA,0,0,0,0,0,0,0,0,0,0,0,5,5,5,AD,F,18,2,HS,ENC
1515,MM,25,N,NA,NA,0,0,0,0,0,0,0,0,0,0,0,5,5,5,OT,F,61,5,AD,NE
1516,DP,15,N,NA,NA,0,0,0,0,0,0,0,0,0,0,0,5,5,5,ED,F,45,2,GD,SA
1517,MM,20,N,NA,NA,0,0,0,0,0,0,0,0,0,0,0,5,5,5,OT,F,30,3,GD,ENC
1518,MM,25,N,NA,NA,0,0,0,0,0,0,0,0,0,0,0,5,5,5,ED,F,45,2,BA,WNC
1519,MM,25,MM,SB,SB,1,0,0,0,0,0,0,0,0,0,0,1,3,1,OT,M,61,3,BA,NE
1520,MM,20,N,NA,NA,0,0,0,0,0,0,0,0,0,0,0,5,5,5,ED,F,30,2,AD,WNC
1521,DP,5,N,NA,NA,0,0,0,0,0,0,0,0,0,0,0,5,5,5,SA,F,18,3,HS,MT
1522,MM,25,N,NA,NA,0,0,0,0,0,0,0,0,0,0,0,5,5,5,OT,M,61,3,GD,NE
1523,MM,25,Y,OC,OC,0,0,0,0,0,0,0,0,0,0,1,0,2,0,OT,F,61,2,BA,ENC
1524,MM,25,N,NA,NA,0,0,0,0,0,0,0,0,0,0,0,5,5,5,HC,O,0,5,OT,P
1525,MM,5,N,NA,NA,0,0,0,0,0,0,0,0,0,0,0,5,5,5,OF,F,18,1,BA,WSC
1526,MM,25,N,NA,NA,0,0,0,0,0,0,0,0,0,0,0,5,5,5,OT,F,45,2,BA,MA
1527,MM,25,N,NA,NA,0,0,0,0,0,0,0,0,0,0,0,5,5,5,OT,M,61,3,AD,WSC
1528,MM,10,Y,OC,OC,0,0,1,0,0,0,0,0,0,0,1,2,1,0,CM,M,45,5,GD,MT
1529,MM,25,N,NA,NA,0,0,0,0,0,0,0,0,0,0,0,5,5,5,AE,M,45,4,BA,PAC
1530,DP,5,N,NA,NA,0,0,0,0,0,0,0,0,0,0,0,5,5,5,OT,M,18,5,AD,P
1531,MM,25,N,NA,NA,0,0,0,0,0,0,0,0,0,0,0,5,5,5,OT,F,61,2,AD,SA
1532,MM,25,N,NA,NA,0,0,0,0,0,0,0,0,0,0,0,5,5,5,OT,F,61,2,GD,ENC
1533,MM,25,M,PSE,OC,0,0,0,0,0,0,0,0,0,0,1,2,0,0,OT,F,61,5,BA,SA
1534,MM,25,N,NA,NA,0,0,0,0,0,0,0,0,0,0,0,5,5,5,HC,F,30,2,GD,SA
1535,MM,15,N,NA,NA,0,0,0,0,0,0,0,0,0,0,0,5,5,5,LF,F,61,2,GD,WSC
1536,MM,25,N,NA,NA,0,0,0,0,0,0,0,0,0,0,0,5,5,5,PS,O,0,5,OT,P
1537,MM,25,N,NA,NA,0,0,0,0,0,0,0,0,0,0,0,5,5,5,OT,F,61,2,GD,WNC
1538,MM,25,W,SB,PSB,1,0,0,0,0,0,0,0,0,0,0,2,3,2,ED,F,45,4,BA,WSC
1539,MM,25,N,NA,NA,0,0,0,0,0,0,0,0,0,0,0,5,5,5,OT,F,61,2,GD,ENC
1540,MM,15,N,NA,NA,0,0,0,0,0,0,0,0,0,0,0,5,5,5,SA,M,45,3,HS,MA
1541,MM,15,Y,OC,OC,0,0,1,0,0,0,0,0,0,0,0,0,1,0,HC,F,30,2,BA,ESC
1542,MM,10,M,O,O,0,0,0,0,0,0,0,0,1,0,0,2,3,2,ED,M,30,2,AD,WSC
1543,MM,10,N,NA,NA,0,0,0,0,0,0,0,0,0,0,0,5,5,5,ED,F,30,2,GD,SA
1544,MM,5,N,NA,NA,0,0,0,0,0,0,0,0,0,0,0,5,5,5,LF,M,61,3,GD,WNC
1545,MM,15,N,NA,NA,0,0,0,0,0,0,0,0,0,0,0,5,5,5,CC,F,18,2,GD,ENC
1546,MM,10,Y,OC,PSB,0,0,1,0,0,0,0,0,1,0,0,2,2,2,OT,F,30,3,BA,MA
1547,MM,25,N,NA,NA,0,0,0,0,0,0,0,0,0,0,0,5,5,5,OT,F,45,0,GD,MA
1548,MM,10,N,NA,NA,0,0,0,0,0,0,0,0,0,0,0,5,5,5,SA,F,45,3,GD,ESC
1549,MM,10,Y,OC,PSB,0,0,1,0,0,0,0,0,0,0,0,0,0,0,ED,M,30,3,GD,ENC
1550,MM,15,N,NA,NA,0,0,0,0,0,0,0,0,0,0,0,5,5,5,OT,F,61,4,GD,ENC
1551,MM,10,D,OC,PSB,1,0,0,0,0,0,0,0,1,0,0,1,4,0,ED,F,45,3,GD,WNC
1552,MM,25,Y,PSE,SB,0,0,0,0,0,1,0,0,0,0,0,2,1,2,OT,F,45,5,BA,MA
1553,MM,25,D,PSE,OC,1,0,0,0,0,0,0,0,0,0,0,2,2,2,LF,M,61,4,GD,ESC
1554,MM,25,N,NA,NA,0,0,0,0,0,0,0,0,0,0,0,5,5,5,MA,M,61,3,BA,WNC
1555,MM,25,D,SB,SB,1,0,0,0,0,0,0,0,0,0,0,4,4,2,SA,M,45,3,AD,MT
1556,MM,25,N,NA,NA,0,0,0,0,0,0,0,0,0,0,0,5,5,5,ED,M,61,5,GD,MA
1557,MM,0,NA,NO,NO,0,0,0,0,0,0,0,0,0,0,0,5,5,5,NO,O,0,5,OT,P
1558,MM,25,N,NA,NA,0,0,0,0,0,0,0,0,0,0,0,5,5,5,OT,M,61,4,BA,SA
1559,MM,25,N,NA,NA,0,0,0,0,0,0,0,0,0,0,0,5,5,5,HC,F,45,3,AD,MA
1560,MM,25,N,NA,NA,0,0,0,0,0,0,0,0,0,0,0,5,5,5,OT,F,61,5,GD,NE
1561,MM,15,D,SB,SB,0,1,0,0,0,0,0,0,0,0,0,2,4,2,OT,M,61,3,GD,WSC
1562,MM,15,N,NA,NA,0,0,0,0,0,0,0,0,0,0,0,5,5,5,OT,M,61,2,GD,WNC
1563,MM,5,M,OC,OC,0,0,0,0,0,0,0,0,0,0,1,2,1,0,FO,F,18,1,AD,MA
1564,MM,25,N,NA,NA,0,0,0,0,0,0,0,0,0,0,0,5,5,5,OT,M,61,2,BA,PAC
1565,MM,25,D,SB,SB,1,0,0,0,0,0,0,0,0,0,1,0,4,2,OT,F,30,2,BA,ENC
1566,MM,15,N,NA,NA,0,0,0,0,0,0,0,0,0,0,0,5,5,5,PR,F,30,3,BA,PAC
1567,MM,25,N,NA,NA,0,0,0,0,0,0,0,0,0,0,0,5,5,5,OT,M,61,4,GD,MA
1568,MM,25,N,NA,NA,0,0,0,0,0,0,0,0,0,0,0,5,5,5,PR,M,45,3,AD,ESC
1569,MM,25,MM,SB,SB,0,1,0,0,0,0,0,1,0,1,0,0,3,2,ED,M,45,2,BA,ESC
1570,MM,15,W,SB,PSB,0,0,0,1,1,0,0,0,0,0,0,2,4,0,ED,F,30,2,GD,ENC
1571,MM,25,N,NA,NA,0,0,0,0,0,0,0,0,0,0,0,5,5,5,BS,F,61,5,HS,MA
1572,MM,25,N,NA,NA,0,0,0,0,0,0,0,0,0,0,0,5,5,5,AD,O,0,5,OT,P
1573,MM,20,N,NA,NA,0,0,0,0,0,0,0,0,0,0,0,5,5,5,AE,M,30,4,BA,NE
1574,MM,20,Y,SB,SB,1,1,0,0,0,0,0,0,0,0,0,2,2,2,TR,M,45,2,AD,MT
1575,SC,1,M,SB,SB,0,0,0,0,0,0,0,0,0,1,0,0,0,0,OF,M,30,2,BA,WSC
1576,MM,25,N,NA,NA,0,0,0,0,0,0,0,0,0,0,0,5,5,5,HS,F,30,5,AD,SA
1577,MM,25,N,NA,NA,0,0,0,0,0,0,0,0,0,0,0,5,5,5,OT,F,61,2,HS,WNC
1578,MM,25,N,NA,NA,0,0,0,0,0,0,0,0,0,0,0,5,5,5,MA,M,61,2,BA,NE
1579,MM,5,N,NA,NA,0,0,0,0,0,0,0,0,0,0,0,5,5,5,CM,M,18,2,BA,WNC
1580,MM,25,MM,SB,SB,1,0,0,0,0,0,0,0,0,0,0,2,3,0,ED,F,45,5,GD,NE
1581,MM,25,N,NA,NA,0,0,0,0,0,0,0,0,0,0,0,5,5,5,OT,F,45,2,HS,SA
1582,MM,25,N,NA,NA,0,0,0,0,0,0,0,0,0,0,0,5,5,5,AD,F,45,0,BA,SA
1583,MM,0,NA,NO,NO,0,0,0,0,0,0,0,0,0,0,0,5,5,5,NO,O,0,5,OT,P
1584,MM,10,Y,OC,SB,0,0,1,0,0,0,0,0,0,0,0,0,0,0,AD,M,30,3,BA,PAC
1585,MM,25,N,NA,NA,0,0,0,0,0,0,0,0,0,0,0,5,5,5,OT,M,61,5,AD,NE
1586,MM,20,D,PSE,SB,1,0,0,0,0,0,0,0,1,0,0,2,2,0,HC,F,30,3,BA,ESC
1587,MM,5,D,O,O,0,0,0,0,0,0,0,0,1,0,0,1,3,0,OT,F,30,5,GD,MA
1588,MM,25,M,SB,PSB,1,0,0,0,0,0,0,0,1,0,0,0,0,0,SA,F,45,5,HS,SA
1589,SC,15,Y,OC,PSB,0,0,1,0,0,1,0,0,0,0,0,1,2,2,ED,F,30,1,BA,PAC
1590,DV,1,N,NA,NA,0,0,0,0,0,0,0,0,0,0,0,5,5,5,ED,M,30,0,BA,PAC
1591,MM,25,Y,PSE,OC,0,0,1,0,1,0,0,0,0,0,0,3,2,0,OT,F,45,4,AD,NE
1592,MM,20,M,PSE,SB,1,0,0,0,0,0,0,0,0,0,0,1,2,0,ED,F,61,2,GD,NE
1593,MM,10,N,NA,NA,0,0,0,0,0,0,0,0,0,0,0,5,5,5,AE,M,61,2,AD,ENC
1594,DV,15,M,PSE,SB,0,0,0,0,0,1,0,0,0,0,0,0,0,0,HS,F,30,3,GD,SA
1595,MM,25,D,SB,SB,1,1,0,0,1,0,0,0,0,1,0,2,4,2,ED,F,45,3,GD,ESC
1596,MM,25,Y,OC,PSB,0,0,1,0,0,0,0,0,0,0,0,0,1,2,ED,F,61,3,GD,PAC
1597,MM,25,N,NA,NA,0,0,0,0,0,0,0,0,0,0,0,5,5,5,LS,M,61,2,GD,NE
1598,MM,25,N,NA,NA,0,0,0,0,0,0,0,0,0,0,0,5,5,5,AE,M,61,2,GD,MT
1599,MM,25,Y,SB,OC,1,0,0,0,0,0,0,0,0,0,0,1,3,0,OT,F,45,5,BA,NE
1600,DP,25,Y,PSE,OC,1,0,0,0,0,0,0,0,0,0,0,2,0,2,PR,O,0,5,OT,P
1601,MM,25,N,NA,NA,0,0,0,0,0,0,0,0,0,0,0,5,5,5,OT,M,61,1,BA,MA
1602,MM,10,MM,OC,PSB,0,0,0,0,0,0,0,0,1,0,0,2,1,2,FO,M,30,0,HS,P
1603,MM,25,Y,SB,SB,0,0,1,0,0,0,0,0,0,0,0,2,2,2,ED,F,61,3,GD,PAC
1604,MM,25,Y,SB,PSB,0,0,1,0,0,0,0,0,0,0,0,1,0,0,ED,F,61,5,BA,PAC
1605,MM,25,Y,SB,SB,1,0,0,0,0,0,0,0,0,0,0,1,4,2,HC,F,45,5,BA,PAC
1606,MM,20,N,NA,NA,0,0,0,0,0,0,0,0,0,0,0,5,5,5,ED,M,45,5,AD,ENC
1607,SC,5,N,NA,NA,0,0,0,0,0,0,0,0,0,0,0,5,5,5,AE,M,18,0,AD,WSC
1608,MM,25,N,NA,NA,0,0,0,0,0,0,0,0,0,0,0,5,5,5,BS,O,0,5,OT,P
1609,MM,25,N,NA,NA,0,0,0,0,0,0,0,0,0,0,0,5,5,5,HC,F,45,5,AD,ENC
1610,SC,5,M,OC,PSB,1,0,0,0,0,0,0,0,0,1,0,0,1,0,PC,F,45,1,AD,MA
1611,MM,25,N,NA,NA,0,0,0,0,0,0,0,0,0,0,0,5,5,5,BS,M,61,5,BA,MA
1612,MM,5,N,NA,NA,0,0,0,0,0,0,0,0,0,0,0,5,5,5,LS,F,18,1,GD,MT
1613,MM,15,N,NA,NA,0,0,0,0,0,0,0,0,0,0,0,5,5,5,OT,O,0,5,OT,P
1614,SC,15,D,SB,SB,0,0,0,0,0,0,0,0,0,1,0,2,3,1,OT,F,45,2,AD,SA
1615,MM,25,N,NA,NA,0,0,0,0,0,0,0,0,0,0,0,5,5,5,OF,F,45,3,HS,ENC
1616,MM,25,N,NA,NA,0,0,0,0,0,0,0,0,0,0,0,5,5,5,OT,F,61,1,GD,MA
1617,MM,25,Y,O,PSB,0,0,0,0,0,0,0,0,0,0,1,2,3,2,SA,F,61,1,HS,WNC
1618,DP,10,Y,SB,PSB,0,0,1,0,0,0,0,0,0,0,0,1,1,0,LS,F,30,5,GD,PAC
1619,MM,25,M,PSE,SB,0,0,0,0,0,0,0,0,0,0,1,2,2,2,LS,F,30,5,GD,MA
1620,SC,10,Y,OC,PSB,0,0,0,0,0,1,0,0,0,0,0,0,0,0,BS,F,45,5,GD,ENC
1621,MM,25,Y,SB,PSB,0,0,1,0,0,0,0,0,0,0,0,2,3,2,CM,M,61,5,GD,MT
1622,DP,25,Y,OC,PSB,0,0,0,0,0,1,0,0,0,0,0,2,0,2,OT,F,30,1,AD,SA
1623,SC,5,N,NA,NA,0,0,0,0,0,0,0,0,0,0,0,5,5,5,HS,F,18,5,BA,MA
1624,MM,15,N,NA,NA,0,0,0,0,0,0,0,0,0,0,0,5,5,5,MA,M,61,4,GD,ENC
1625,MM,15,N,NA,NA,0,0,0,0,0,0,0,0,0,0,0,5,5,5,CM,M,30,4,BA,MA
1626,MM,25,N,NA,NA,0,0,0,0,0,0,0,0,0,0,0,5,5,5,ED,F,45,3,GD,MA
1627,MM,25,W,SB,PSB,0,0,0,0,0,0,0,0,0,1,0,2,3,3,SA,M,61,3,BA,ENC
1628,MM,20,D,SB,SB,1,1,0,0,1,0,0,1,0,0,0,4,4,2,FF,F,45,1,AD,ENC
1629,MM,15,N,NA,NA,0,0,0,0,0,0,0,0,0,0,0,5,5,5,OT,M,45,2,BA,WNC
1630,MM,15,N,NA,NA,0,0,0,0,0,0,0,0,0,0,0,5,5,5,CC,M,30,3,BA,PAC
1631,MM,20,Y,PSE,OC,0,0,0,0,0,0,0,0,0,0,1,2,1,1,OF,F,30,5,BA,MA
1632,MM,25,N,NA,NA,0,0,0,0,0,0,0,0,0,0,0,5,5,5,TR,M,45,3,BA,MA
1633,MM,25,M,SB,SB,1,0,1,0,0,0,0,0,0,1,0,2,3,2,OF,F,61,3,GD,PAC
1634,MM,25,N,NA,NA,0,0,0,0,0,0,0,0,0,0,0,5,5,5,OT,M,61,5,AD,WSC
1635,MM,20,Y,OC,PSB,0,0,1,0,0,0,0,0,0,0,0,1,1,0,SA,F,45,2,BA,ENC
1636,MM,25,N,NA,NA,0,0,0,0,0,0,0,0,0,0,0,5,5,5,OT,M,61,2,BA,SA
1637,MM,25,N,NA,NA,0,0,0,0,0,0,0,0,0,0,0,5,5,5,AE,M,45,5,BA,ENC
1638,MM,15,N,NA,NA,0,0,0,0,0,0,0,0,0,0,0,5,5,5,OT,F,30,0,BA,WNC
1639,MM,25,N,NA,NA,0,0,0,0,0,0,0,0,0,0,0,5,5,5,OT,M,61,1,BA,ENC
1640,MM,25,D,PSE,OC,1,0,0,0,0,0,0,0,0,0,1,2,3,2,ED,F,45,1,BA,SA
1641,MM,0,NA,NO,NO,0,0,0,0,0,0,0,0,0,0,0,5,5,5,NO,O,0,5,OT,P
1642,MM,5,Y,O,PSB,0,0,0,0,1,0,1,0,0,0,0,0,1,0,HC,F,18,0,BA,NE
1643,MM,25,N,NA,NA,0,0,0,0,0,0,0,0,0,0,0,5,5,5,OT,M,45,3,AD,MT
1644,MM,10,M,SB,PSB,0,0,1,0,0,0,0,0,1,0,0,3,2,1,OF,F,45,3,AD,WNC
1645,DP,15,N,NA,NA,0,0,0,0,0,0,0,0,0,0,0,5,5,5,ED,F,30,1,AD,MA
1646,MM,25,N,NA,NA,0,0,0,0,0,0,0,0,0,0,0,5,5,5,OT,F,61,5,AD,NE
1647,MM,25,M,O,PSB,0,0,0,0,0,0,0,0,0,0,1,0,1,0,OF,F,45,2,AD,ENC
1648,DP,25,N,NA,NA,0,0,0,0,0,0,0,0,0,0,0,5,5,5,LS,F,61,5,OT,MA
1649,DV,5,N,NA,NA,0,0,0,0,0,0,0,0,0,0,0,5,5,5,OT,M,61,0,AD,MA
1650,MM,25,D,SB,SB,1,1,0,0,0,0,0,0,0,0,0,3,3,3,SA,M,61,1,AD,ENC
1651,MM,25,M,SB,SB,1,0,1,0,0,0,0,0,0,0,1,2,3,0,HS,F,61,3,GD,MA
1652,MM,25,N,NA,NA,0,0,0,0,0,0,0,0,0,0,0,5,5,5,LS,M,45,2,BA,SA
1653,MM,25,N,NA,NA,0,0,0,0,0,0,0,0,0,0,0,5,5,5,OT,M,45,2,AD,MA
1654,MM,5,N,NA,NA,0,0,0,0,0,0,0,0,0,0,0,5,5,5,CM,F,18,3,BA,SA
1655,MM,20,MM,PSE,SB,0,1,0,0,0,0,0,0,0,0,0,2,3,2,HS,M,45,1,AD,PAC
1656,MM,25,D,SB,SB,1,1,0,0,0,0,0,0,0,0,0,2,4,0,OT,M,61,2,BA,PAC
1657,SC,20,N,NA,NA,0,0,0,0,0,0,0,0,0,0,0,5,5,5,HC,F,61,2,AD,ENC
1658,MM,10,M,PSE,OC,1,0,1,0,0,1,0,0,0,0,0,1,1,2,IS,M,30,2,AD,NE
1659,MM,25,M,SB,PSB,1,0,0,0,0,0,0,0,0,1,0,1,1,2,OT,F,30,3,GD,ENC
1660,MM,20,D,OC,SB,0,0,1,0,0,0,0,0,0,0,0,2,2,0,OT,O,0,5,OT,P
1661,MM,25,N,NA,NA,0,0,0,0,0,0,0,0,0,0,0,5,5,5,SA,M,61,4,GD,NE
1662,MM,25,Y,OC,PSB,0,0,1,0,0,0,0,0,0,0,0,1,1,0,OT,M,61,2,BA,PAC
1663,MM,20,N,NA,NA,0,0,0,0,0,0,0,0,0,0,0,5,5,5,OT,F,61,5,GD,MA
1664,MM,15,D,SB,SB,0,0,0,0,0,0,0,0,1,1,0,0,2,0,LF,F,30,2,GD,ENC
1665,MM,25,N,NA,NA,0,0,0,0,0,0,0,0,0,0,0,5,5,5,OT,M,45,5,AD,SA
1666,MM,25,Y,OC,O,0,0,1,0,0,0,0,0,0,1,0,0,1,1,ED,F,45,2,GD,MA
1667,MM,25,N,NA,NA,0,0,0,0,0,0,0,0,0,0,0,5,5,5,AD,M,45,3,BA,NE
1668,SC,5,Y,OC,PSB,0,0,0,0,0,1,0,0,0,0,0,2,1,0,OT,F,18,2,BA,MA
1669,MM,10,D,PSE,OC,1,1,0,0,0,0,0,0,0,0,0,2,3,1,ED,F,30,2,GD,WNC
1670,SC,5,N,NA,NA,0,0,0,0,0,0,0,0,0,0,0,5,5,5,ED,F,18,5,GD,SA
1671,MM,25,N,NA,NA,0,0,0,0,0,0,0,0,0,0,0,5,5,5,CC,M,45,5,GD,SA
1672,MM,10,N,NA,NA,0,0,0,0,0,0,0,0,0,0,0,5,5,5,ED,M,45,2,GD,MA
1673,MM,25,Y,SB,SB,1,0,0,0,0,0,0,0,0,0,0,2,2,2,ED,F,61,3,BA,MA
1674,MM,25,D,DB,DB,1,1,0,0,0,0,0,0,0,0,0,2,4,2,OT,M,61,2,BA,ENC
1675,MM,25,N,NA,NA,0,0,0,0,0,0,0,0,0,0,0,5,5,5,PS,M,45,2,AD,MA
1676,MM,25,MM,SB,PSB,0,0,0,1,1,0,0,0,0,0,0,2,3,2,AD,F,45,3,GD,MA
1677,MM,25,N,NA,NA,0,0,0,0,0,0,0,0,0,0,0,5,5,5,OT,M,61,2,AD,WNC
1678,MM,25,N,NA,NA,0,0,0,0,0,0,0,0,0,0,0,5,5,5,OT,M,61,3,BA,ENC
1679,SC,5,N,NA,NA,0,0,0,0,0,0,0,0,0,0,0,5,5,5,OF,F,30,2,GD,MT
1680,MM,5,M,OC,PSB,0,0,0,0,0,0,0,0,1,0,0,1,1,1,AE,F,18,1,BA,ENC
1681,MM,25,MM,SB,SB,1,1,0,0,0,0,0,0,0,0,0,3,4,1,OT,M,61,3,GD,WNC
1682,MM,25,N,NA,NA,0,0,0,0,0,0,0,0,0,0,0,5,5,5,CO,M,61,2,BA,WNC
1683,MM,25,N,NA,NA,0,0,0,0,0,0,0,0,0,0,0,5,5,5,AD,F,61,5,BA,NE
1684,MM,25,D,PSE,OC,0,0,1,0,0,0,0,0,0,0,0,0,2,1,MA,M,45,5,BA,MA
1685,MM,20,W,PSE,OC,0,0,0,0,0,0,0,0,0,1,0,4,4,2,HC,F,45,4,GD,SA
1686,SC,10,N,NA,NA,0,0,0,0,0,0,0,0,0,0,0,5,5,5,OT,F,18,1,HS,MT
1687,MM,25,N,NA,NA,0,0,0,0,0,0,0,0,0,0,0,5,5,5,OT,O,0,5,OT,P
1688,MM,10,Y,OC,PSB,0,0,0,0,0,0,0,0,0,0,1,0,1,0,OF,M,30,2,AD,WSC
1689,MM,15,N,NA,NA,0,0,0,0,0,0,0,0,0,0,0,5,5,5,AD,F,30,2,BA,PAC
1690,MM,25,N,NA,NA,0,0,0,0,0,0,0,0,0,0,0,5,5,5,AE,M,61,3,AD,NE
1691,MM,15,Y,OC,PSB,0,0,0,0,0,0,0,0,0,0,1,0,0,0,SA,F,30,3,AD,MA
1692,MM,5,M,PSE,OC,0,0,0,0,1,0,0,0,0,1,0,2,1,2,BS,F,18,5,BA,WSC
1693,MM,25,N,NA,NA,0,0,0,0,0,0,0,0,0,0,0,5,5,5,OT,M,61,5,GD,SA
1694,MM,20,D,SB,O,0,0,1,0,0,0,0,0,0,0,0,1,2,0,OT,F,61,1,AD,SA
1695,MM,15,N,NA,NA,0,0,0,0,0,0,0,0,0,0,0,5,5,5,OT,M,61,2,AD,NE
1696,MM,25,N,NA,NA,0,0,0,0,0,0,0,0,0,0,0,5,5,5,BS,M,61,3,GD,PAC
1697,SC,10,Y,SB,PSB,1,0,0,0,0,1,0,0,0,0,0,2,1,0,CM,M,30,4,GD,MA
1698,MM,25,MM,SB,SB,0,1,0,0,0,0,0,0,0,0,0,2,3,0,HS,M,61,3,GD,NE
1699,SC,5,M,OC,OC,1,0,0,0,0,0,0,0,0,0,0,2,2,2,ED,F,45,4,GD,MA
1700,MM,25,D,SB,OC,1,0,0,0,0,0,0,0,0,1,0,2,2,1,HC,M,45,4,GD,ENC
1701,MM,20,N,NA,NA,0,0,0,0,0,0,0,0,0,0,0,5,5,5,CM,M,45,3,GD,NE
1702,MM,25,N,NA,NA,0,0,0,0,0,0,0,0,0,0,0,5,5,5,OT,M,61,5,GD,PAC
1703,MM,10,N,NA,NA,0,0,0,0,0,0,0,0,0,0,0,5,5,5,AD,F,30,4,GD,PAC
1704,MM,25,D,OC,PSB,1,0,0,1,0,0,0,0,0,0,0,2,2,0,CC,F,61,2,BA,ENC
1705,DP,20,MM,OC,OC,0,1,0,0,0,0,0,0,0,0,0,4,1,1,PC,F,45,3,GD,NE
1706,MM,15,M,OC,PSB,0,0,0,0,0,0,0,0,1,0,0,0,3,0,HS,M,30,3,GD,MA
1707,MM,25,Y,SB,SB,0,0,1,0,0,0,0,0,0,0,0,0,0,2,FO,M,61,1,BA,NE
1708,SC,10,N,NA,NA,0,0,0,0,0,0,0,0,0,0,0,5,5,5,BS,F,30,4,BA,ENC
1709,MM,10,N,NA,NA,0,0,0,0,0,0,0,0,0,0,0,5,5,5,HS,M,18,2,BA,ENC
1710,MM,25,Y,SB,PSB,1,0,0,0,0,0,0,0,0,0,1,2,1,0,LF,F,45,3,BA,PAC
1711,DV,15,M,OC,PSB,0,0,0,0,0,0,0,0,0,1,0,3,0,0,BC,M,45,5,AD,PAC
1712,MM,25,D,PSE,OC,0,0,0,1,0,0,0,0,0,0,0,3,4,2,OT,M,61,2,GD,ENC
1713,MM,20,D,NA,NA,0,0,0,0,0,0,0,0,0,0,0,5,5,5,NO,O,0,5,OT,P
1714,SC,5,N,NA,NA,0,0,0,0,0,0,0,0,0,0,0,5,5,5,AD,F,18,1,BA,ENC
1715,SC,5,N,NA,NA,0,0,0,0,0,0,0,0,0,0,0,5,5,5,OT,F,18,0,BA,WSC
1716,MM,25,N,NA,NA,0,0,0,0,0,0,0,0,0,0,0,5,5,5,OT,M,61,2,GD,MA
1717,MM,25,Y,OC,PSB,1,0,1,0,0,0,0,0,0,1,1,2,1,2,ED,M,61,2,BA,PAC
1718,SC,1,N,NA,NA,0,0,0,0,0,0,0,0,0,0,0,5,5,5,BC,M,61,4,LT,WSC
1719,SC,5,M,PSE,O,0,0,0,0,0,0,1,0,0,1,0,0,2,0,OT,F,18,1,AD,PAC
1720,MM,25,N,NA,NA,0,0,0,0,0,0,0,0,0,0,0,5,5,5,TR,M,45,5,BA,PAC
1721,MM,25,N,NA,NA,0,0,0,0,0,0,0,0,0,0,0,5,5,5,OT,F,45,1,AD,ENC
1722,MM,15,N,NA,NA,0,0,0,0,0,0,0,0,0,0,0,5,5,5,ED,M,30,1,GD,SA
1723,SP,0,NA,NO,NO,0,0,0,0,0,0,0,0,0,0,0,5,5,5,NO,O,0,5,OT,P
1724,MM,25,N,NA,NA,0,0,0,0,0,0,0,0,0,0,0,5,5,5,OF,F,30,2,BA,SA
1725,MM,15,MM,DB,DB,0,0,1,0,0,0,0,0,0,0,0,2,3,2,HS,F,30,5,GD,SA
1726,MM,5,N,NA,NA,0,0,0,0,0,0,0,0,0,0,0,5,5,5,CC,M,30,5,BA,MT
1727,MM,25,D,DB,SB,1,1,0,1,0,0,0,0,0,0,0,2,2,0,OT,M,45,3,GD,WNC
1728,MM,25,MM,PSE,OC,1,0,0,0,0,0,0,0,0,0,0,2,4,2,BS,F,61,2,AD,MA
1729,MM,20,N,NA,NA,0,0,0,0,0,0,0,0,0,0,0,5,5,5,OT,O,0,5,OT,P
1730,MM,25,D,SF,SF,0,0,0,0,0,0,0,0,0,0,1,0,2,2,OF,F,30,5,AD,MT
1731,MM,15,D,PSE,OC,0,0,0,0,0,0,0,0,0,1,0,2,4,2,SA,F,45,2,HS,PAC
1732,MM,25,M,OC,OC,0,0,0,1,0,0,0,0,0,0,0,2,3,0,OT,M,61,3,GD,WNC
1733,MM,15,N,NA,NA,0,0,0,0,0,0,0,0,0,0,0,5,5,5,AD,M,61,2,AD,ENC
1734,MM,5,N,NA,NA,0,0,0,0,0,0,0,0,0,0,0,5,5,5,MA,F,30,5,GD,SA
1735,MM,20,D,SF,SF,1,0,0,0,0,0,0,0,0,0,0,0,0,0,ED,M,45,1,BA,SA
1736,SC,10,N,NA,NA,0,0,0,0,0,0,0,0,0,0,0,5,5,5,AD,M,30,1,BA,MA
1737,SC,5,N,NA,NA,0,0,0,0,0,0,0,0,0,0,0,5,5,5,HS,O,0,5,OT,P
1738,MM,25,N,NA,NA,0,0,0,0,0,0,0,0,0,0,0,5,5,5,HS,M,45,3,GD,MA
1739,MM,25,D,SB,PSB,1,1,0,0,0,0,0,0,0,0,0,2,4,2,OT,M,61,3,AD,SA
1740,MM,10,Y,SB,PSB,0,0,1,0,0,1,0,0,1,1,0,0,1,0,OT,F,18,5,AD,MA
1741,SC,10,D,NA,NA,0,0,0,0,0,0,0,0,0,0,0,5,5,5,NO,O,0,5,OT,P
1742,SC,1,N,NA,NA,0,0,0,0,0,0,0,0,0,0,0,5,5,5,PC,F,61,2,HS,MA
1743,MM,20,N,NA,NA,0,0,0,0,0,0,0,0,0,0,0,5,5,5,OT,M,61,4,AD,WSC
1744,MM,15,W,PSE,OC,1,0,0,0,1,1,0,0,0,0,1,2,3,0,OT,F,30,1,HS,SA
1745,MM,15,D,SB,SB,1,0,0,0,0,0,0,0,1,0,0,2,4,0,OF,F,30,2,AD,PAC
1746,MM,25,N,NA,NA,0,0,0,0,0,0,0,0,0,0,0,5,5,5,OF,F,61,5,BA,ENC
1747,MM,10,N,NA,NA,0,0,0,0,0,0,0,0,0,0,0,5,5,5,HS,F,30,2,HS,SA
1748,MM,0,NA,NO,NO,0,0,0,0,0,0,0,0,0,0,0,5,5,5,NO,O,0,5,OT,P
1749,MM,25,N,NA,NA,0,0,0,0,0,0,0,0,0,0,0,5,5,5,HC,F,45,4,BA,PAC
1750,MM,25,D,SB,SB,0,1,0,0,0,0,0,0,0,0,1,2,4,2,OT,M,61,2,BA,MA
1751,MM,25,N,NA,NA,0,0,0,0,0,0,0,0,0,0,0,5,5,5,BS,F,61,5,BA,MT
1752,MM,25,Y,O,PSB,0,0,0,0,0,0,1,0,0,0,0,2,2,2,OT,O,0,5,OT,P
1753,MM,25,N,NA,NA,0,0,0,0,0,0,0,0,0,0,0,5,5,5,OT,M,61,3,GD,NE
1754,MM,15,N,NA,NA,0,0,0,0,0,0,0,0,0,0,0,5,5,5,HS,F,30,5,AD,ENC
1755,MM,10,D,PSE,OC,1,0,0,0,0,0,0,0,0,1,0,4,4,2,LS,F,45,4,GD,MT
1756,MM,25,Y,OC,OC,0,0,1,0,0,0,0,0,0,0,0,0,2,0,OF,F,45,2,HS,ESC
1757,MM,10,N,NA,NA,0,0,0,0,0,0,0,0,0,0,0,5,5,5,MA,M,61,3,AD,MA
1758,DP,10,MM,OC,OC,1,1,1,0,1,1,0,0,0,0,0,1,4,0,ED,F,45,3,GD,ENC
1759,MM,25,N,NA,NA,0,0,0,0,0,0,0,0,0,0,0,5,5,5,MA,F,45,5,BA,MA
1760,MM,15,D,SB,SB,1,0,0,0,1,0,0,0,0,0,0,4,4,3,OF,M,45,2,AD,SA
1761,MM,10,N,NA,NA,0,0,0,0,0,0,0,0,0,0,0,5,5,5,FF,F,30,2,GD,MA
1762,MM,10,Y,PSE,OC,1,0,0,0,0,0,0,0,0,0,1,1,3,2,HC,M,30,5,GD,MA
1763,MM,10,MM,OC,PSB,0,0,0,0,0,1,0,0,0,1,1,0,0,0,PR,M,30,1,AD,SA
1764,SP,20,D,O,O,0,0,0,1,0,0,0,0,0,0,1,0,4,0,AE,O,0,5,OT,P
1765,MM,25,N,NA,NA,0,0,0,0,0,0,0,0,0,0,0,5,5,5,ED,F,61,3,GD,MA
1766,MM,25,N,NA,NA,0,0,0,0,0,0,0,0,0,0,0,5,5,5,OT,M,45,3,AD,ENC
1767,MM,25,N,NA,NA,0,0,0,0,0,0,0,0,0,0,0,5,5,5,CM,M,45,5,AD,WNC
1768,SP,25,N,NA,NA,0,0,0,0,0,0,0,0,0,0,0,5,5,5,CM,F,61,0,AD,SA
1769,DP,20,D,SB,SB,0,0,0,0,0,0,0,0,0,0,1,2,3,1,PR,F,45,2,LT,SA
1770,MM,25,M,PSE,SB,0,0,0,0,0,0,0,0,0,1,0,2,2,2,LF,F,30,3,GD,SA
1771,SC,5,N,NA,NA,0,0,0,0,0,0,0,0,0,0,0,5,5,5,SA,F,30,1,AD,ESC
1772,MM,25,N,NA,NA,0,0,0,0,0,0,0,0,0,0,0,5,5,5,OT,M,61,3,GD,PAC
1773,MM,25,M,SB,SB,1,0,0,0,0,0,0,0,0,0,0,2,3,0,OF,O,0,5,OT,P
1774,MM,20,N,NA,NA,0,0,0,0,0,0,0,0,0,0,0,5,5,5,CC,M,45,2,AD,PAC
1775,SC,15,M,PSE,SB,1,0,1,0,0,1,0,0,0,0,0,3,3,2,CM,F,30,2,BA,WSC
1776,MM,25,D,SB,PSB,1,0,0,0,0,0,0,0,0,0,0,3,4,0,ED,F,61,4,BA,MA
1777,MM,25,MM,OC,SF,0,0,0,0,1,0,1,0,0,0,0,2,2,2,OT,F,61,0,AD,MA
1778,MM,15,N,NA,NA,0,0,0,0,0,0,0,0,0,0,0,5,5,5,OF,F,45,5,GD,SA
1779,MM,25,N,NA,NA,0,0,0,0,0,0,0,0,0,0,0,5,5,5,OT,M,61,2,GD,ENC
1780,MM,25,N,NA,NA,0,0,0,0,0,0,0,0,0,0,0,5,5,5,AE,F,30,1,BA,WSC
1781,SC,5,M,SB,PSB,0,0,0,0,0,0,0,0,0,0,1,2,4,2,LF,F,18,5,AD,MA
1782,MM,5,M,SB,PSB,0,0,0,0,0,0,0,0,1,0,1,0,0,0,AD,M,30,4,BA,PAC
1783,MM,25,Y,PSE,OC,0,0,1,0,0,0,0,0,0,0,0,2,1,1,OT,M,45,0,BA,ENC
1784,SC,20,D,SB,PSB,0,0,0,0,0,0,1,0,0,0,0,2,3,0,ED,M,45,4,BA,NE
1785,MM,25,N,NA,NA,0,0,0,0,0,0,0,0,0,0,0,5,5,5,CC,O,0,5,OT,P
1786,MM,15,N,NA,NA,0,0,0,0,0,0,0,0,0,0,0,5,5,5,HC,F,45,4,GD,SA
1787,MM,10,Y,OC,OC,1,0,0,0,0,0,0,0,0,0,0,0,0,0,ED,F,30,2,GD,ENC
1788,MM,0,NA,NO,NO,0,0,0,0,0,0,0,0,0,0,0,5,5,5,NO,O,0,5,OT,P
1789,MM,25,N,NA,NA,0,0,0,0,0,0,0,0,0,0,0,5,5,5,HC,M,61,3,BA,WNC
1790,MM,25,M,SB,SB,1,0,0,0,0,0,0,0,0,0,0,2,3,0,OF,F,45,2,BA,ENC
1791,MM,5,N,NA,NA,0,0,0,0,0,0,0,0,0,0,0,5,5,5,OT,F,30,5,HS,PAC
1792,SC,10,D,OC,SB,1,0,0,1,0,0,0,0,0,0,0,2,1,0,AD,M,45,2,BA,SA
1793,DP,10,M,PSE,O,0,0,1,0,1,1,0,0,0,0,0,0,1,0,MA,F,18,3,BA,ENC
1794,DP,5,N,NA,NA,0,0,0,0,0,0,0,0,0,0,0,5,5,5,LS,F,18,0,GD,SA
1795,MM,15,W,OC,OC,0,0,0,0,0,0,0,0,1,0,0,2,2,2,SA,F,30,2,AD,NE
1796,DV,5,D,OC,PSB,1,0,0,0,0,0,1,0,0,0,0,2,2,2,CO,M,30,2,HS,WNC
1797,MM,10,N,NA,NA,0,0,0,0,0,0,0,0,0,0,0,5,5,5,ED,F,18,2,GD,ENC
1798,MM,10,N,NA,NA,0,0,0,0,0,0,0,0,0,0,0,5,5,5,CO,M,45,2,HS,SA
1799,MM,15,N,NA,NA,0,0,0,0,0,0,0,0,0,0,0,5,5,5,OF,M,30,2,AD,SA
1800,MM,20,MM,OC,PSB,1,0,0,0,0,0,0,0,0,0,0,3,3,2,OF,F,45,2,BA,MA
1801,MM,25,Y,SB,PSB,0,0,1,0,0,0,0,0,0,0,0,0,3,0,OT,M,61,4,GD,PAC
1802,MM,20,N,NA,NA,0,0,0,0,0,0,0,0,0,0,0,5,5,5,CC,F,30,3,GD,WNC
1803,MM,25,D,OC,SB,0,0,0,1,0,0,0,0,0,0,0,0,4,0,OT,M,61,2,OT,ENC
1804,SC,5,N,NA,NA,0,0,0,0,0,0,0,0,0,0,0,5,5,5,OF,F,18,0,BA,MT
1805,MM,15,N,NA,NA,0,0,0,0,0,0,0,0,0,0,0,5,5,5,CC,M,30,2,BA,MT
1806,DP,5,N,NA,NA,0,0,0,0,0,0,0,0,0,0,0,5,5,5,AD,M,61,4,GD,ENC
1807,MM,25,N,NA,NA,0,0,0,0,0,0,0,0,0,0,0,5,5,5,ED,M,61,3,GD,MT
1808,MM,20,D,PSE,SB,1,0,0,0,0,0,1,0,0,0,0,3,4,2,OT,F,30,4,BA,ENC
1809,MM,5,N,NA,NA,0,0,0,0,0,0,0,0,0,0,0,5,5,5,BS,F,18,3,AD,MT
1810,MM,25,N,NA,NA,0,0,0,0,0,0,0,0,0,0,0,5,5,5,CC,M,61,3,BA,ENC
1811,SC,5,N,NA,NA,0,0,0,0,0,0,0,0,0,0,0,5,5,5,SA,O,0,5,OT,P
1812,MM,15,Y,PSE,SB,0,0,0,0,0,1,0,0,1,0,0,2,1,1,ED,F,30,2,GD,PAC
1813,MM,20,N,NA,NA,0,0,0,0,0,0,0,0,0,0,0,5,5,5,CM,M,45,3,BA,WSC
1814,MM,20,N,NA,NA,0,0,0,0,0,0,0,0,0,0,0,5,5,5,MA,M,45,3,AD,ESC
1815,MM,25,N,NA,NA,0,0,0,0,0,0,0,0,0,0,0,5,5,5,SA,M,61,5,GD,NE
1816,DP,5,N,NA,NA,0,0,0,0,0,0,0,0,0,0,0,5,5,5,OT,F,18,5,BA,SA
1817,MM,25,D,SB,SB,1,0,0,0,1,0,0,0,0,0,0,4,4,4,HS,M,61,5,GD,ENC
1818,MM,15,Y,OC,PSB,0,0,0,0,0,0,0,0,0,0,1,2,1,0,BS,M,45,4,GD,WNC
1819,SC,5,N,NA,NA,0,0,0,0,0,0,0,0,0,0,0,5,5,5,SA,M,45,2,AD,ENC
1820,MM,25,MM,SB,PSB,0,0,0,0,0,0,0,0,0,1,0,2,2,2,CM,M,45,5,BA,WNC
1821,DV,5,N,NA,NA,0,0,0,0,0,0,0,0,0,0,0,5,5,5,ED,F,61,4,GD,SA
1822,MM,10,MM,PSE,DB,0,0,0,0,0,1,0,0,1,0,0,1,1,0,OT,F,18,0,BA,ESC
1823,SC,10,Y,OC,OC,0,0,1,0,0,0,0,0,0,0,0,0,2,0,OT,F,61,2,AD,ENC
1824,MM,25,N,NA,NA,0,0,0,0,0,0,0,0,0,0,0,5,5,5,ED,M,61,2,GD,MA
1825,MM,25,N,NA,NA,0,0,0,0,0,0,0,0,0,0,0,5,5,5,HS,F,45,3,BA,ENC
1826,DP,10,N,NA,NA,0,0,0,0,0,0,0,0,0,0,0,5,5,5,MA,F,30,4,AD,SA
1827,MM,25,Y,PSE,OC,0,0,1,0,0,0,0,0,0,0,0,1,0,0,PS,F,45,3,AD,WSC
1828,MM,5,W,OC,PSB,1,0,1,1,0,1,0,0,0,0,0,1,3,0,CO,M,30,4,GD,SA
1829,MM,15,D,DB,DB,1,0,0,0,0,0,0,1,0,0,0,2,3,2,OT,F,61,2,GD,MA
1830,MM,25,Y,SB,SB,0,0,1,0,0,0,0,0,0,0,0,0,0,0,OT,M,61,4,GD,NE
1831,MM,20,N,NA,NA,0,0,0,0,0,0,0,0,0,0,0,5,5,5,BS,M,45,3,BA,ENC
1832,MM,20,D,PSE,OC,1,0,0,0,1,0,0,0,0,1,1,1,4,1,CC,F,45,3,GD,WSC
1833,MM,25,M,OC,PSB,0,0,0,0,0,0,0,0,0,1,0,3,3,2,OT,F,61,3,AD,PAC
1834,MM,20,N,NA,NA,0,0,0,0,0,0,0,0,0,0,0,5,5,5,ED,M,45,4,GD,ENC
1835,MM,25,D,SB,SB,0,0,0,0,1,0,0,0,0,1,0,4,4,2,OT,M,61,1,OT,WNC
1836,MM,25,D,O,PSB,0,0,1,0,0,1,0,0,0,1,1,3,4,2,OF,F,45,2,BA,ESC
1837,MM,20,Y,OC,PSB,0,0,1,0,0,1,0,0,0,0,0,2,3,2,CM,M,45,0,AD,PAC
1838,SC,1,N,NA,NA,0,0,0,0,0,0,0,0,0,0,0,5,5,5,OT,M,18,5,LT,NE
1839,MM,5,N,NA,NA,0,0,0,0,0,0,0,0,0,0,0,5,5,5,LF,F,30,2,AD,MA
1840,MM,25,N,NA,NA,0,0,0,0,0,0,0,0,0,0,0,5,5,5,HC,F,61,4,GD,WSC
1841,MM,15,M,OC,OC,1,0,1,0,0,0,0,0,1,0,0,0,0,0,OT,F,18,5,BA,ESC
1842,MM,25,Y,OC,OC,1,0,0,0,0,0,0,0,0,0,0,0,0,0,IS,M,45,3,HS,NE
1843,MM,25,N,NA,NA,0,0,0,0,0,0,0,0,0,0,0,5,5,5,LS,M,45,2,GD,MT
1844,MM,20,D,PSE,SB,1,0,0,0,0,0,0,0,0,0,0,4,4,1,SA,M,61,4,BA,ENC
1845,MM,15,Y,SB,SB,1,0,0,0,0,0,0,0,0,0,0,2,0,0,CM,F,45,5,BA,ENC
1846,DP,15,N,NA,NA,0,0,0,0,0,0,0,0,0,0,0,5,5,5,OT,F,45,1,AD,ENC
1847,MM,25,N,NA,NA,0,0,0,0,0,0,0,0,0,0,0,5,5,5,ED,F,45,2,BA,SA
1848,MM,10,W,SB,OC,1,0,0,0,0,0,0,0,0,0,0,2,4,2,ED,F,30,2,GD,ENC
1849,MM,10,D,PSE,OC,1,0,0,0,0,0,0,0,1,1,0,0,3,2,CC,F,30,1,HS,ENC
1850,MM,10,N,NA,NA,0,0,0,0,0,0,0,0,0,0,0,5,5,5,HC,F,30,2,HS,SA
1851,MM,10,N,NA,NA,0,0,0,0,0,0,0,0,0,0,0,5,5,5,OT,M,18,5,AD,PAC
1852,MM,25,D,SB,SB,1,0,1,0,1,0,0,0,0,0,0,4,4,2,OT,F,61,5,GD,MA
1853,MM,10,N,NA,NA,0,0,0,0,0,0,0,0,0,0,0,5,5,5,OF,O,0,5,OT,P
1854,MM,10,N,NA,NA,0,0,0,0,0,0,0,0,0,0,0,5,5,5,LF,O,0,5,OT,P
1855,MM,10,Y,OC,PSB,0,0,0,0,0,0,0,0,1,0,0,0,4,1,CM,M,30,5,AD,PAC
1856,MM,25,N,NA,NA,0,0,0,0,0,0,0,0,0,0,0,5,5,5,OF,F,45,5,HS,MA
1857,SC,5,N,NA,NA,0,0,0,0,0,0,0,0,0,0,0,5,5,5,MA,F,30,3,BA,ENC
1858,MM,25,N,NA,NA,0,0,0,0,0,0,0,0,0,0,0,5,5,5,MA,M,61,4,GD,PAC
1859,MM,25,M,OC,PSB,0,0,0,0,0,0,0,0,0,1,0,0,0,0,LF,F,45,2,GD,NE
1860,MM,10,N,NA,NA,0,0,0,0,0,0,0,0,0,0,0,5,5,5,LF,F,45,3,AD,SA
1861,MM,25,Y,SB,PSB,1,0,0,0,0,0,0,0,0,0,0,0,0,0,OT,M,61,5,HS,ENC
1862,MM,25,M,SB,PSB,0,0,0,1,0,1,0,0,0,0,0,2,3,2,ED,F,45,5,GD,MA
1863,MM,25,N,NA,NA,0,0,0,0,0,0,0,0,0,0,0,5,5,5,MA,M,45,4,GD,ENC
1864,SC,1,N,NA,NA,0,0,0,0,0,0,0,0,0,0,0,5,5,5,NO,O,0,5,OT,P
1865,SC,5,N,NA,NA,0,0,0,0,0,0,0,0,0,0,0,5,5,5,OT,M,18,1,BA,WSC
1866,MM,25,N,NA,NA,0,0,0,0,0,0,0,0,0,0,0,5,5,5,ED,F,61,5,AD,WSC
1867,MM,25,N,NA,NA,0,0,0,0,0,0,0,0,0,0,0,5,5,5,ED,F,61,4,GD,ENC
1868,MM,25,Y,PSE,OC,1,0,0,0,1,0,0,0,0,0,1,2,2,0,PC,F,45,0,AD,NE
1869,MM,10,N,NA,NA,0,0,0,0,0,0,0,0,0,0,0,5,5,5,AE,F,61,0,HS,MA
1870,MM,25,Y,SB,SB,0,0,1,0,0,0,0,0,0,0,0,2,0,2,HS,F,45,5,GD,MA
1871,MM,25,D,SB,SB,1,1,1,1,0,0,0,0,0,0,0,3,4,1,OT,M,61,2,GD,WNC
1872,MM,25,D,SB,SB,1,1,0,0,0,0,0,0,0,0,0,2,3,2,OT,O,0,5,OT,P
1873,SC,5,N,NA,NA,0,0,0,0,0,0,0,0,0,0,0,5,5,5,OT,F,30,1,AD,WSC
1874,SC,5,D,SB,SB,0,0,0,1,1,0,1,1,0,0,0,3,4,1,CM,M,30,0,BA,SA
1875,MM,15,N,NA,NA,0,0,0,0,0,0,0,0,0,0,0,5,5,5,OT,M,61,2,GD,SA
1876,MM,15,M,SB,PSB,0,0,1,0,0,0,1,0,0,0,0,0,3,0,BS,M,30,1,AD,MA
1877,MM,25,M,PSE,OC,1,0,1,0,0,0,0,0,0,0,0,2,2,2,OT,F,45,2,BA,SA
1878,MM,15,M,OC,PSB,0,0,0,0,0,0,0,0,1,0,0,0,1,0,ED,M,45,1,GD,WSC
1879,MM,15,N,NA,NA,0,0,0,0,0,0,0,0,0,0,0,5,5,5,OT,M,61,3,BA,MA
1880,MM,15,Y,SB,PSB,1,0,0,0,0,0,0,0,0,0,0,2,3,2,OF,F,45,5,AD,MA
1881,MM,10,Y,OC,DB,0,0,0,0,0,1,0,0,0,0,0,0,0,0,BS,M,18,1,AD,WSC
1882,MM,10,N,NA,NA,0,0,0,0,0,0,0,0,0,0,0,5,5,5,OT,M,18,2,BA,WSC
1883,MM,10,M,SB,SB,0,0,0,0,0,0,0,0,0,1,0,2,4,2,LF,M,45,4,BA,P
1884,MM,20,N,NA,NA,0,0,0,0,0,0,0,0,0,0,0,5,5,5,AE,M,45,2,GD,ENC
1885,MM,20,D,DB,SB,1,0,0,0,0,0,0,0,0,0,0,0,4,2,OT,F,45,0,LT,SA
1886,SC,1,N,NA,NA,0,0,0,0,0,0,0,0,0,0,0,5,5,5,SA,F,18,0,AD,ESC
1887,MM,25,D,SB,SB,0,0,0,0,0,0,0,0,0,0,1,2,3,2,OT,F,61,5,GD,SA
1888,MM,25,M,SB,OC,1,0,1,0,0,0,0,0,0,0,0,0,4,0,OF,O,0,5,OT,P
1889,MM,25,D,OC,PSB,0,0,1,0,0,0,0,0,0,0,0,4,4,0,OT,F,61,5,BA,WSC
1890,SC,1,N,NA,NA,0,0,0,0,0,0,0,0,0,0,0,5,5,5,FO,F,18,5,BA,MA
1891,MM,25,N,NA,NA,0,0,0,0,0,0,0,0,0,0,0,5,5,5,LS,F,45,5,GD,MT
1892,MM,25,M,PSE,SB,1,0,0,0,0,1,0,0,0,0,0,0,0,0,LF,M,45,3,GD,MA
1893,MM,15,N,NA,NA,0,0,0,0,0,0,0,0,0,0,0,5,5,5,LF,M,45,4,GD,SA
1894,MM,25,N,NA,NA,0,0,0,0,0,0,0,0,0,0,0,5,5,5,OT,F,61,5,BA,MA
1895,SC,10,N,NA,NA,0,0,0,0,0,0,0,0,0,0,0,5,5,5,MA,M,30,3,AD,MT
1896,MM,25,MM,SB,SB,1,0,0,0,0,0,0,0,0,0,0,4,4,2,ED,F,45,5,AD,ENC
1897,MM,15,N,NA,NA,0,0,0,0,0,0,0,0,0,0,0,5,5,5,OF,F,45,3,AD,NE
1898,MM,25,Y,SB,PSB,0,0,1,0,0,0,0,0,0,0,0,1,0,0,HS,F,45,3,BA,WNC
1899,DP,1,N,NA,NA,0,0,0,0,0,0,0,0,0,0,0,5,5,5,ED,F,18,3,GD,PAC
1900,SC,5,N,NA,NA,0,0,0,0,0,0,0,0,0,0,0,5,5,5,OF,F,18,2,BA,MA
1901,MM,20,N,NA,NA,0,0,0,0,0,0,0,0,0,0,0,5,5,5,MA,F,45,3,BA,PAC
1902,SC,10,Y,SB,SB,0,0,1,0,0,0,0,0,0,0,0,0,0,2,CC,F,18,2,BA,MT
1903,MM,20,D,SB,SB,1,0,0,0,0,0,0,0,0,0,0,0,2,0,HC,F,45,5,BA,MA
1904,SC,10,M,OC,O,0,0,0,0,0,0,0,0,0,1,1,2,1,2,CM,M,18,2,BA,MA
1905,MM,20,N,NA,NA,0,0,0,0,0,0,0,0,0,0,0,5,5,5,CM,M,61,3,GD,PAC
1906,MM,25,D,SB,SB,1,1,0,0,0,0,0,0,0,0,0,2,4,2,OT,M,61,3,BA,WNC
1907,MM,15,N,NA,NA,0,0,0,0,0,0,0,0,0,0,0,5,5,5,HC,F,30,3,GD,ESC
1908,MM,25,N,NA,NA,0,0,0,0,0,0,0,0,0,0,0,5,5,5,MA,M,61,0,AD,MT
1909,MM,25,N,NA,NA,0,0,0,0,0,0,0,0,0,0,0,5,5,5,ED,F,30,0,BA,SA
1910,MM,20,Y,SB,SB,1,0,1,0,0,0,0,0,0,0,0,4,1,2,SA,M,45,3,BA,SA
1911,MM,15,D,PSE,SB,0,0,0,0,0,1,0,0,0,0,0,0,2,1,OF,M,45,4,GD,SA
1912,MM,25,N,NA,NA,0,0,0,0,0,0,0,0,0,0,0,5,5,5,ED,F,61,5,BA,SA
1913,MM,25,D,PSE,SB,1,0,0,0,0,0,1,0,0,0,1,1,4,2,HC,F,61,5,AD,MA
1914,MM,25,N,NA,NA,0,0,0,0,0,0,0,0,0,0,0,5,5,5,ED,M,45,2,BA,SA
1915,MM,25,Y,SB,SB,0,0,1,0,0,0,0,0,0,0,0,2,0,0,OT,F,61,4,BA,MA
1916,MM,10,N,NA,NA,0,0,0,0,0,0,0,0,0,0,0,5,5,5,ED,F,18,2,GD,MA
1917,MM,25,W,OC,PSB,1,0,0,0,0,0,0,0,0,0,0,3,3,2,ED,F,45,2,AD,ENC
1918,SC,15,N,NA,NA,0,0,0,0,0,0,0,0,0,0,0,5,5,5,FO,F,45,3,AD,WSC
1919,MM,25,MM,OC,PSB,0,0,0,0,0,0,0,0,0,0,1,1,3,1,LS,O,0,5,OT,P
1920,MM,15,N,NA,NA,0,0,0,0,0,0,0,0,0,0,0,5,5,5,PC,F,30,2,AD,PAC
1921,MM,10,N,NA,NA,0,0,0,0,0,0,0,0,0,0,0,5,5,5,OT,F,30,1,AD,MT
1922,MM,25,N,NA,NA,0,0,0,0,0,0,0,0,0,0,0,5,5,5,OT,M,61,2,BA,ENC
1923,MM,25,N,NA,NA,0,0,0,0,0,0,0,0,0,0,0,5,5,5,PR,M,61,2,GD,ENC
1924,SC,5,MM,PSE,OC,0,0,0,0,0,0,0,0,0,0,1,0,0,0,AD,F,30,3,BA,SA
1925,MM,15,N,NA,NA,0,0,0,0,0,0,0,0,0,0,0,5,5,5,OF,F,30,2,BA,WNC
1926,MM,25,N,NA,NA,0,0,0,0,0,0,0,0,0,0,0,5,5,5,ED,F,61,3,GD,PAC
1927,MM,25,N,NA,NA,0,0,0,0,0,0,0,0,0,0,0,5,5,5,LS,M,45,3,GD,MA
1928,MM,25,N,NA,NA,0,0,0,0,0,0,0,0,0,0,0,5,5,5,OF,F,45,3,AD,WNC
1929,MM,25,N,NA,NA,0,0,0,0,0,0,0,0,0,0,0,5,5,5,LS,O,0,5,OT,P
1930,DV,5,N,NA,NA,0,0,0,0,0,0,0,0,0,0,0,5,5,5,HS,F,30,2,AD,SA
1931,MM,5,N,NA,NA,0,0,0,0,0,0,0,0,0,0,0,5,5,5,BS,M,45,3,AD,MT
1932,MM,25,N,NA,NA,0,0,0,0,0,0,0,0,0,0,0,5,5,5,OT,M,61,3,GD,SA
1933,MM,15,D,PSE,SB,1,0,0,0,0,0,0,0,0,0,0,3,4,0,OT,F,30,2,AD,ENC
1934,MM,15,N,NA,NA,0,0,0,0,0,0,0,0,0,0,0,5,5,5,OT,M,45,3,HS,MA
1935,MM,25,N,NA,NA,0,0,0,0,0,0,0,0,0,0,0,5,5,5,ED,F,30,3,GD,ESC
1936,SC,10,N,NA,NA,0,0,0,0,0,0,0,0,0,0,0,5,5,5,BS,F,18,2,BA,MA
1937,SC,5,N,NA,NA,0,0,0,0,0,0,0,0,0,0,0,5,5,5,BS,F,30,2,BA,SA
1938,MM,25,N,NA,NA,0,0,0,0,0,0,0,0,0,0,0,5,5,5,LF,M,45,4,GD,PAC
1939,MM,25,N,NA,NA,0,0,0,0,0,0,0,0,0,0,0,5,5,5,LS,F,45,5,GD,PAC
1940,MM,20,N,NA,NA,0,0,0,0,0,0,0,0,0,0,0,5,5,5,OT,F,30,2,AD,ENC
1941,MM,25,M,SB,PSB,1,0,0,0,0,0,0,0,0,0,0,3,2,2,OF,F,45,2,AD,WNC
1942,MM,25,M,PSE,OC,1,0,1,0,0,0,0,0,0,0,0,2,3,2,AD,F,61,5,BA,MA
1943,MM,10,Y,OC,PSB,0,0,1,0,0,0,0,0,0,0,0,0,0,0,AE,F,30,4,GD,SA
1944,SC,15,MM,OC,DB,1,1,1,0,0,0,0,0,0,0,1,4,4,2,OF,F,30,2,BA,PAC
1945,DP,20,N,NA,NA,0,0,0,0,0,0,0,0,0,0,0,5,5,5,ED,M,61,5,GD,ENC
1946,DP,10,N,NA,NA,0,0,0,0,0,0,0,0,0,0,0,5,5,5,BS,F,61,3,GD,NE
1947,MM,5,N,NA,NA,0,0,0,0,0,0,0,0,0,0,0,5,5,5,MA,F,45,5,BA,MA
1948,SC,5,M,SB,PSB,1,0,0,0,0,1,0,0,0,0,1,2,1,0,MA,F,30,3,BA,PAC
1949,MM,20,N,NA,NA,0,0,0,0,0,0,0,0,0,0,0,5,5,5,HC,F,30,3,BA,NE
1950,MM,15,N,NA,NA,0,0,0,0,0,0,0,0,0,0,0,5,5,5,OT,F,30,2,BA,NE
1951,MM,25,N,NA,NA,0,0,0,0,0,0,0,0,0,0,0,5,5,5,OF,O,0,5,OT,P
1952,MM,25,Y,OC,OC,1,0,0,0,0,0,0,0,0,0,0,2,2,2,ED,F,45,2,GD,SA
1953,MM,5,N,NA,NA,0,0,0,0,0,0,0,0,0,0,0,5,5,5,OF,M,18,1,AD,WSC
1954,MM,25,N,NA,NA,0,0,0,0,0,0,0,0,0,0,0,5,5,5,AD,M,30,2,HS,WNC
1955,MM,25,N,NA,NA,0,0,0,0,0,0,0,0,0,0,0,5,5,5,ED,F,45,2,GD,SA
1956,MM,20,N,NA,NA,0,0,0,0,0,0,0,0,0,0,0,5,5,5,ED,O,0,5,OT,P
1957,MM,25,N,NA,NA,0,0,0,0,0,0,0,0,0,0,0,5,5,5,OT,F,45,4,GD,ENC
1958,MM,15,MM,SB,PSB,1,0,1,0,0,0,0,0,0,0,0,1,4,0,ED,F,45,4,HS,PAC
1959,SC,5,W,PSE,OC,0,0,0,0,0,0,0,0,0,0,1,2,2,2,OT,F,18,2,AD,NE
1960,MM,25,N,NA,NA,0,0,0,0,0,0,0,0,0,0,0,5,5,5,OF,F,61,2,HS,ESC
1961,MM,10,N,NA,NA,0,0,0,0,0,0,0,0,0,0,0,5,5,5,AD,F,18,3,AD,WNC
1962,MM,0,NA,NO,NO,0,0,0,0,0,0,0,0,0,0,0,5,5,5,NO,O,0,5,OT,P
1963,MM,20,N,NA,NA,0,0,0,0,0,0,0,0,0,0,0,5,5,5,ED,O,0,5,OT,P
1964,MM,25,W,SB,SB,1,1,0,0,0,0,0,0,0,0,0,2,2,2,OT,F,61,1,GD,MT
1965,MM,20,Y,SB,OC,0,0,1,0,0,0,0,0,1,0,0,0,2,0,PC,F,45,0,AD,WNC
1966,SC,10,N,NA,NA,0,0,0,0,0,0,0,0,0,0,0,5,5,5,AD,F,30,2,AD,MT
1967,MM,10,N,NA,NA,0,0,0,0,0,0,0,0,0,0,0,5,5,5,SA,O,0,5,OT,P
1968,MM,25,N,NA,NA,0,0,0,0,0,0,0,0,0,0,0,5,5,5,OF,F,45,5,AD,PAC
1969,MM,25,N,NA,NA,0,0,0,0,0,0,0,0,0,0,0,5,5,5,OT,F,45,5,GD,SA
1970,MM,25,D,SB,SB,1,1,0,0,0,0,0,0,0,1,0,1,3,2,OT,F,61,2,HS,SA
1971,MM,25,N,NA,NA,0,0,0,0,0,0,0,0,0,0,0,5,5,5,AD,F,45,4,BA,MA
1972,MM,20,D,PSE,OC,1,0,1,0,0,0,1,0,0,0,0,3,4,2,CC,F,45,1,BA,WSC
1973,MM,10,N,NA,NA,0,0,0,0,0,0,0,0,0,0,0,5,5,5,LF,O,0,5,OT,P
1974,MM,25,D,DB,DB,0,0,0,0,0,0,0,0,0,0,1,2,3,2,CM,M,61,1,GD,MA
1975,DP,10,N,NA,NA,0,0,0,0,0,0,0,0,0,0,0,5,5,5,BC,F,45,1,AD,MA
1976,DP,5,Y,OC,PSB,0,0,0,0,0,1,0,0,0,0,0,3,3,2,OF,M,30,2,AD,PAC
1977,MM,25,N,NA,NA,0,0,0,0,0,0,0,0,0,0,0,5,5,5,MA,M,61,3,GD,MA
1978,MM,10,N,NA,NA,0,0,0,0,0,0,0,0,0,0,0,5,5,5,SA,F,61,4,HS,WSC
1979,MM,25,M,SB,OC,1,0,1,0,0,0,0,0,0,0,0,0,3,0,OF,F,61,2,AD,ENC
1980,MM,20,D,O,O,0,0,0,0,0,0,0,0,0,0,1,0,0,0,ED,F,30,5,GD,MA
1981,MM,25,N,NA,NA,0,0,0,0,0,0,0,0,0,0,0,5,5,5,OT,F,45,4,BA,ENC
1982,MM,25,N,NA,NA,0,0,0,0,0,0,0,0,0,0,0,5,5,5,HC,F,45,3,AD,ENC
1983,MM,25,N,NA,NA,0,0,0,0,0,0,0,0,0,0,0,5,5,5,HC,F,61,4,GD,NE
1984,MM,25,N,NA,NA,0,0,0,0,0,0,0,0,0,0,0,5,5,5,CC,F,45,2,BA,SA
1985,MM,25,MM,SB,PSB,1,0,0,0,0,0,0,0,0,0,0,2,4,2,ED,O,0,5,OT,P
1986,MM,10,N,NA,NA,0,0,0,0,0,0,0,0,0,0,0,5,5,5,LF,F,45,4,HS,MA
1987,MM,25,N,NA,NA,0,0,0,0,0,0,0,0,0,0,0,5,5,5,OT,F,61,5,GD,SA
1988,MM,15,D,SB,SB,1,0,0,0,1,0,1,1,0,0,0,2,4,2,ED,F,30,5,GD,PAC
1989,MM,20,N,NA,NA,0,0,0,0,0,0,0,0,0,0,0,5,5,5,MA,F,30,2,AD,MA
1990,DP,10,N,NA,NA,0,0,0,0,0,0,0,0,0,0,0,5,5,5,ED,F,30,2,GD,SA
1991,MM,25,N,NA,NA,0,0,0,0,0,0,0,0,0,0,0,5,5,5,OT,M,61,1,GD,MA
1992,MM,20,MM,SB,DB,0,0,0,0,0,0,0,0,1,0,0,4,1,3,HS,M,30,4,GD,NE
1993,MM,25,M,OC,PSB,0,0,0,0,0,0,0,0,0,0,1,0,3,0,MA,M,61,5,BA,MA
1994,SC,15,N,NA,NA,0,0,0,0,0,0,0,0,0,0,0,5,5,5,AE,F,30,1,AD,WSC
1995,MM,15,N,NA,NA,0,0,0,0,0,0,0,0,0,0,0,5,5,5,OT,F,30,0,HS,ESC
1996,MM,25,N,NA,NA,0,0,0,0,0,0,0,0,0,0,0,5,5,5,LS,F,45,3,GD,ENC
1997,MM,20,M,OC,PSB,1,0,0,0,1,0,0,0,0,1,1,2,2,2,CM,M,45,2,AD,MA
1998,MM,25,N,NA,NA,0,0,0,0,0,0,0,0,0,0,0,5,5,5,HC,F,45,5,GD,NE
1999,MM,25,MM,SB,PSB,1,0,0,0,0,0,0,0,0,0,0,3,4,2,ED,F,61,5,BA,MA
2000,MM,10,N,NA,NA,0,0,0,0,0,0,0,0,0,0,0,5,5,5,HC,M,30,2,BA,ENC
2001,MM,10,N,NA,NA,0,0,0,0,0,0,0,0,0,0,0,5,5,5,OF,F,18,1,GD,PAC
2002,MM,25,M,OC,PSB,1,1,0,0,0,0,0,0,0,0,0,0,3,0,OT,M,61,2,GD,ENC
2003,MM,25,N,NA,NA,0,0,0,0,0,0,0,0,0,0,0,5,5,5,OT,M,45,0,AD,ENC
2004,MM,25,D,SB,SB,1,0,0,0,0,0,0,0,0,0,0,1,4,0,OF,F,45,3,AD,NE
2005,MM,15,D,OC,PSB,0,0,0,0,0,0,0,0,0,1,0,2,3,1,OT,F,30,2,AD,ENC
2006,MM,10,W,PSE,SB,0,0,0,0,0,0,0,0,1,0,0,1,2,1,AD,F,30,2,BA,WNC
2007,MM,25,N,NA,NA,0,0,0,0,0,0,0,0,0,0,0,5,5,5,OT,F,45,5,BA,ENC
2008,MM,25,MM,SB,SB,1,1,1,0,0,0,0,0,0,1,0,2,2,2,OF,M,61,3,BA,PAC
2009,MM,20,Y,SB,PSB,0,0,0,0,0,0,0,0,0,0,1,0,0,0,PS,F,45,4,AD,MA
2010,MM,25,N,NA,NA,0,0,0,0,0,0,0,0,0,0,0,5,5,5,OF,F,45,3,AD,PAC
2011,MM,10,MM,SB,SB,0,0,0,0,0,0,0,0,1,0,0,0,1,0,MA,M,30,2,BA,ESC
2012,MM,15,M,OC,PSB,1,0,0,0,0,0,0,0,0,0,0,2,4,2,SA,M,45,3,BA,WNC
2013,MM,25,Y,SB,SB,1,0,0,0,0,0,0,0,0,0,0,0,2,0,ED,F,61,4,GD,ENC
2014,MM,15,Y,SB,PSB,0,0,1,0,0,1,0,0,1,0,0,1,0,0,ED,F,30,2,GD,SA
2015,MM,20,M,PSE,OC,1,0,0,0,0,0,0,0,0,0,0,2,2,2,OF,F,30,3,BA,WSC
2016,MM,20,N,NA,NA,0,0,0,0,0,0,0,0,0,0,0,5,5,5,CM,M,30,2,AD,SA
2017,MM,10,D,SB,SB,0,1,1,0,0,0,0,0,0,0,0,4,4,2,CM,F,30,3,AD,SA
2018,MM,25,D,SB,SB,1,0,0,0,0,0,0,0,0,0,0,3,4,2,OT,M,61,2,BA,NE
2019,MM,20,M,OC,PSB,1,0,1,0,0,0,0,0,0,0,0,1,2,2,OT,O,0,5,OT,P
2020,MM,15,MM,SB,SB,1,0,0,0,0,0,0,0,0,0,0,4,3,2,OT,F,30,2,BA,WSC
2021,SC,25,Y,SB,PSB,1,1,0,0,0,0,0,0,0,0,0,2,2,2,OT,F,61,2,GD,PAC
2022,MM,10,N,NA,NA,0,0,0,0,0,0,0,0,0,0,0,5,5,5,HS,F,30,4,GD,MA
2023,MM,25,N,NA,NA,0,0,0,0,0,0,0,0,0,0,0,5,5,5,OT,M,61,5,AD,SA
2024,MM,25,D,PSE,OC,0,0,1,0,0,0,0,0,0,0,0,2,2,2,CM,M,61,3,AD,MA
2025,MM,25,N,NA,NA,0,0,0,0,0,0,0,0,0,0,0,5,5,5,SA,F,45,2,AD,WNC
2026,DP,10,N,NA,NA,0,0,0,0,0,0,0,0,0,0,0,5,5,5,ED,F,45,4,GD,WSC
2027,SC,15,N,NA,NA,0,0,0,0,0,0,0,0,0,0,0,5,5,5,ED,F,45,2,GD,MA
2028,MM,15,N,NA,NA,0,0,0,0,0,0,0,0,0,0,0,5,5,5,AE,M,30,1,BA,NE
2029,MM,25,W,O,PSB,0,1,0,0,0,0,0,0,0,0,1,2,3,3,HS,M,45,5,GD,ENC
2030,MM,20,M,OC,PSB,1,0,1,0,0,0,0,0,0,0,0,1,2,2,OT,F,45,2,GD,WNC
2031,MM,15,N,NA,NA,0,0,0,0,0,0,0,0,0,0,0,5,5,5,ED,F,30,3,GD,MA
2032,MM,0,NA,NO,NO,0,0,0,0,0,0,0,0,0,0,0,5,5,5,NO,O,0,5,OT,P
2033,MM,20,N,NA,NA,0,0,0,0,0,0,0,0,0,0,0,5,5,5,ED,M,30,3,GD,SA
2034,MM,25,D,PSE,OC,1,1,0,0,0,0,1,0,0,0,0,2,4,1,OF,F,61,3,AD,NE
2035,MM,10,N,NA,NA,0,0,0,0,0,0,0,0,0,0,0,5,5,5,MA,F,30,5,AD,ENC
2036,MM,15,N,NA,NA,0,0,0,0,0,0,0,0,0,0,0,5,5,5,ED,F,30,3,GD,PAC
2037,MM,5,N,NA,NA,0,0,0,0,0,0,0,0,0,0,0,5,5,5,CM,M,30,5,BA,PAC
2038,MM,20,W,SB,OC,1,0,0,1,0,0,0,0,0,0,0,2,4,0,OT,F,45,4,BA,PAC
2039,MM,25,N,NA,NA,0,0,0,0,0,0,0,0,0,0,0,5,5,5,OT,M,61,1,HS,ENC
2040,MM,5,N,NA,NA,0,0,0,0,0,0,0,0,0,0,0,5,5,5,HC,M,61,3,GD,WNC
2041,MM,10,W,OC,PSB,0,0,1,0,0,0,0,0,1,0,0,2,1,2,OT,F,30,0,AD,MT
2042,MM,5,MM,DB,DB,1,0,0,0,0,0,0,0,0,0,0,2,2,2,FF,F,45,5,GD,SA
2043,MM,10,N,NA,NA,0,0,0,0,0,0,0,0,0,0,0,5,5,5,LS,F,18,3,GD,NE
2044,MM,10,W,PSE,OC,0,0,0,0,0,0,0,0,0,0,1,2,2,2,HS,F,61,3,HS,SA
2045,SC,5,M,PSE,DB,0,0,0,0,0,0,0,0,0,1,0,2,3,2,CO,F,18,5,BA,PAC
2046,MM,25,N,NA,NA,0,0,0,0,0,0,0,0,0,0,0,5,5,5,OT,M,61,4,GD,PAC
2047,MM,25,N,NA,NA,0,0,0,0,0,0,0,0,0,0,0,5,5,5,OF,F,45,1,AD,WNC
2048,MM,5,N,NA,NA,0,0,0,0,0,0,0,0,0,0,0,5,5,5,ED,F,30,2,BA,PAC
2049,MM,25,D,O,O,0,0,0,0,0,0,1,0,0,0,0,2,2,2,IS,M,45,2,HS,PAC
2050,MM,20,W,SB,PSB,1,0,0,0,1,0,0,0,0,0,1,3,4,0,HS,M,45,2,GD,ENC
2051,MM,15,M,OC,PSB,1,0,1,0,0,0,0,0,0,0,1,2,1,0,ED,M,30,3,GD,WNC
2052,MM,10,N,NA,NA,0,0,0,0,0,0,0,0,0,0,0,5,5,5,OT,F,30,2,AD,SA
2053,MM,15,N,NA,NA,0,0,0,0,0,0,0,0,0,0,0,5,5,5,PC,F,30,2,AD,ENC
2054,MM,15,Y,SB,PSB,0,0,1,0,0,0,0,0,0,0,0,2,2,2,MA,M,30,3,BA,SA
2055,MM,25,N,NA,NA,0,0,0,0,0,0,0,0,0,0,0,5,5,5,ED,M,45,3,GD,MA
2056,MM,25,N,NA,NA,0,0,0,0,0,0,0,0,0,0,0,5,5,5,MA,O,0,5,OT,P
2057,MM,25,M,SB,PSB,1,0,1,0,0,0,0,0,0,0,1,2,2,0,OT,F,61,2,BA,SA
2058,MM,10,Y,PSE,SB,0,0,0,0,0,1,0,0,0,0,0,2,2,2,HC,F,30,2,AD,PAC
2059,MM,25,N,NA,NA,0,0,0,0,0,0,0,0,0,0,0,5,5,5,HC,F,61,1,GD,ENC
2060,SC,5,D,SB,SB,1,0,0,0,0,0,0,0,0,0,0,2,3,0,OT,M,30,2,GD,WNC
2061,MM,25,N,NA,NA,0,0,0,0,0,0,0,0,0,0,0,5,5,5,OT,M,61,1,BA,PAC
2062,MM,25,N,NA,NA,0,0,0,0,0,0,0,0,0,0,0,5,5,5,OT,M,61,2,AD,PAC
2063,MM,25,N,NA,NA,0,0,0,0,0,0,0,0,0,0,0,5,5,5,OT,F,45,5,BA,ENC
2064,SC,5,N,NA,NA,0,0,0,0,0,0,0,0,0,0,0,5,5,5,OT,M,18,5,BA,ENC
2065,MM,20,N,NA,NA,0,0,0,0,0,0,0,0,0,0,0,5,5,5,BS,F,61,5,GD,ENC
2066,MM,25,N,NA,NA,0,0,0,0,0,0,0,0,0,0,0,5,5,5,OT,F,61,2,AD,PAC
2067,MM,10,N,NA,NA,0,0,0,0,0,0,0,0,0,0,0,5,5,5,OT,F,45,4,AD,NE
2068,SC,5,N,NA,NA,0,0,0,0,0,0,0,0,0,0,0,5,5,5,PS,F,30,2,BA,ESC
2069,MM,15,W,O,PSB,0,0,0,0,0,0,0,0,1,0,0,3,1,3,PR,M,30,2,AD,ENC
2070,MM,25,Y,SB,SB,0,0,1,0,0,0,0,0,0,0,0,2,1,0,HC,M,45,4,GD,MA
2071,MM,25,N,NA,NA,0,0,0,0,0,0,0,0,0,0,0,5,5,5,OT,M,45,4,AD,WSC
2072,SC,10,N,NA,NA,0,0,0,0,0,0,0,0,0,0,0,5,5,5,SA,F,18,0,AD,ENC
2073,MM,25,N,NA,NA,0,0,0,0,0,0,0,0,0,0,0,5,5,5,OT,F,61,4,AD,PAC
2074,MM,10,M,SB,SB,0,0,1,0,0,0,0,0,0,0,0,3,3,0,LF,M,45,3,GD,NE
2075,MM,20,N,NA,NA,0,0,0,0,0,0,0,0,0,0,0,5,5,5,OT,F,45,1,HS,MT
2076,MM,15,N,NA,NA,0,0,0,0,0,0,0,0,0,0,0,5,5,5,ED,F,30,3,BA,PAC
2077,MM,25,W,SB,SB,1,0,0,0,1,0,0,0,0,0,0,2,4,3,CC,F,45,3,GD,ENC
2078,MM,25,D,OC,OC,0,0,1,0,0,0,0,0,0,0,0,2,2,2,HS,F,61,3,AD,PAC
2079,DP,10,N,NA,NA,0,0,0,0,0,0,0,0,0,0,0,5,5,5,FO,F,45,3,AD,NE
2080,MM,10,N,NA,NA,0,0,0,0,0,0,0,0,0,0,0,5,5,5,HS,F,30,2,AD,WSC
2081,MM,25,N,NA,NA,0,0,0,0,0,0,0,0,0,0,0,5,5,5,OT,M,61,2,GD,ENC
2082,MM,20,N,NA,NA,0,0,0,0,0,0,0,0,0,0,0,5,5,5,OF,F,45,3,HS,ENC
2083,MM,5,N,NA,NA,0,0,0,0,0,0,0,0,0,0,0,5,5,5,MA,O,0,5,OT,P
2084,MM,25,N,NA,NA,0,0,0,0,0,0,0,0,0,0,0,5,5,5,ED,F,45,1,AD,ENC
2085,MM,10,N,NA,NA,0,0,0,0,0,0,0,0,0,0,0,5,5,5,HS,F,30,2,AD,ENC
2086,SC,1,N,NA,NA,0,0,0,0,0,0,0,0,0,0,0,5,5,5,OF,F,30,0,AD,ENC
2087,MM,15,MM,PSE,OC,0,0,1,0,0,1,0,0,0,0,1,2,2,2,OF,F,30,5,AD,MT
2088,MM,5,N,NA,NA,0,0,0,0,0,0,0,0,0,0,0,5,5,5,MA,F,18,3,AD,MA
2089,MM,1,Y,PSE,SB,1,1,1,0,1,1,0,0,0,1,0,2,2,2,AD,F,30,5,BA,SA
2090,MM,25,D,OC,PSB,0,0,0,0,1,0,0,0,0,0,0,2,2,2,OT,M,61,5,HS,ENC
2091,MM,5,N,NA,NA,0,0,0,0,0,0,0,0,0,0,0,5,5,5,MA,M,30,4,BA,MA
2092,SP,20,N,NA,NA,0,0,0,0,0,0,0,0,0,0,0,5,5,5,AD,M,61,2,AD,NE
2093,MM,25,N,NA,NA,0,0,0,0,0,0,0,0,0,0,0,5,5,5,OF,F,45,3,AD,WNC